책제목,저자,Lexile,소장위치,등록번호,대출상태,청구기호
King Arthur,Terry M West,520,[영어]부산영어도서관 500-590L,BGE000072644,대출가능,500~590L 428-29-1-2
A Home in the Swamp,David C Lion,520,[영어]부산영어도서관 500-590L,BGE000001780,대출가능,500~590L 577-1
From Bulb To Daffodil,Ellen Weiss,520,[영어]부산영어도서관 500-590L,BGE000010905,대출가능,500~590L 653-1
Animals of Long Ago,Susan Ring,520,[영어]부산영어도서관 500-590L,BGE000062375,대출불가(관외대출중),500~590L 590-11
The Sheep Who Wouldn't Sleep,Susan Rich Booke,520,[영어]부산영어도서관 500-590L,BGE000079895,대출가능,500~590L 823-315-1
My Body,Andrea Pinnington,520,[영어]부산영어도서관 500-590L,BGE000069521,대출가능,500~590L 833-17-1
It's Beach Day!,Steve Metzger,520,[영어]부산영어도서관 500-590L,BGE000044896,대출가능,500~590L 813-1449-11
Castle On Hester Street,Linda Heller,520,[영어]부산영어도서관 500-590L,BGE000036953,대출가능,500~590L 813-1001
Dinosaur Bob And His Adventures With The Family Lazardo,William Joyce,520,[영어]부산영어도서관 500-590L,BGE000053584,대출가능,500~590L 823-163
Keeping Clean,Rhonda Howie,520,[영어]부산영어도서관 500-590L,BGE000062358,대출가능,500~590L 363-10-3
Chicken Of The Family,Mary Amato,520,[영어]부산영어도서관 500-590L,BGE000034376,대출가능,500~590L 813-850
Mystery At Peacock Hall,Gertrude Chandler Warner,520,[영어]부산영어도서관 500-590L,BGE000067843,대출가능,500~590L 813-916-63
Nothing,Jon Agee,520,[영어]부산영어도서관 500-590L,BGE000032422,대출가능,500~590L 813-713
Danger At Sand Cave,Candice F Ransom,520,[영어]부산영어도서관 500-590L,BGE000059866,대출가능,500~590L 813-2228
Frozen Fire,Tim Bowler,520,[영어]부산영어도서관 500-590L,BGE000033181,대출가능,500~590L 813-703
Vunce Upon A Time,J  Otto Seibold,520,[영어]부산영어도서관 500-590L,BGE000045890,대출가능,500~590L 813-1484
Tudley Didn't Know,John Himmelman,520,[영어]부산영어도서관 500-590L,BGE000034530,대출가능,500~590L 813-865
Gator Gumbo,Candace Fleming,520,[영어]부산영어도서관 500-590L,BGE000022505,대출가능,500~590L 813-457
Minifred Goes To School,Mordicai Gerstein,520,[영어]부산영어도서관 500-590L,BGE000034067,대출가능,500~590L 813-825
Timothy And The Strong Pajamas,Viviane Schwarz,520,[영어]부산영어도서관 500-590L,BGE000015183,대출가능,500~590L 813-251
It's Hard To Dribble With Your Feet,Val Priebe,520,[영어]부산영어도서관 500-590L,BGE000069071,대출가능,500~590L 813-1696-5
Summer Jackson: Grown Up,Teresa E Harris,520,[영어]부산영어도서관 500-590L,BGE000038754,대출가능,500~590L 813-1130
On Guard,Jake Maddox,520,[영어]부산영어도서관 500-590L,BGE000080660,대출불가(관외대출중),500~590L 741-42
Yorkshire Terrier,Charles George,520,[영어]부산영어도서관 500-590L,BGE000043113,대출가능,500~590L 636-18
Ruby's Baby Brother,Kathryn White,520,[영어]부산영어도서관 500-590L,BGE000058355,대출가능,500~590L 823-186
"Trick Or Treat, Smell My Feet",Diane deGroat,520,[영어]부산영어도서관 500-590L,BGE000027655,대출가능,500~590L 813-527
"Lovely, Dark, And Deep",Amy McNamara,520,[영어]부산영어도서관 500-590L,BGE000046464,대출가능,500~590L 813-1501
Wall,Eve Bunting,520,[영어]부산영어도서관 500-590L,BGE000070694,대출가능,500~590L 813-2432
Cool Skateboarding Facts,Sandy Donovan,520,[영어]부산영어도서관 500-590L,BGE000039529,대출가능,500~590L 796-11-4
Harriet Tubman,Violet Findley,520,[영어]부산영어도서관 500-590L,BGE000043114,대출가능,500~590L 920-13
Desert Is Theirs,Byrd Baylor,520,[영어]부산영어도서관 500-590L,BGE000041270,대출가능,500~590L 508-16
Lost!,Helen Orme,520,[영어]부산영어도서관 500-590L,BGE000081643,대출가능,500~590L 813-2614-3
Pig-Boy: A Trickster Tale From Hawai'i,Gerald McDermott,520,[영어]부산영어도서관 500-590L,BGE000027942,대출가능,500~590L 398-28
One For The Murphys,Lynda Mullaly Hunt,520,[영어]부산영어도서관 500-590L,BGE000049594,대출가능,500~590L 813-1664
Dog-Gone Mystery,Gertrude Chandler Warner,520,[영어]부산영어도서관 500-590L,BGE000035550,대출불가(관외대출중),500~590L 813-916-119
Bring Back My Gerbil!,Edith Tarbescu,520,[영어]부산영어도서관 500-590L,BGE000042951,대출가능,500~590L 813-66-4-2
Virgie Goes To School With Us Boys,Elizabeth Fitzgerald Howard,520,[영어]부산영어도서관 500-590L,BGE000022569,대출가능,500~590L 813-501
Star,Jo Ann Simon,520,[영어]부산영어도서관 500-590L,BGE000071896,대출가능,500~590L 813-2469-2
The Cloudspotter,Tom McLaughlin,520,[영어]부산영어도서관 500-590L,BGE000055327,대출가능,500~590L 813-1966
Zen Socks,Jon J Muth,520,[영어]부산영어도서관 500-590L,BGE000052334,대출가능,500~590L 813-1823
Stormy,Elizabeth Mills,520,[영어]부산영어도서관 500-590L,BGE000036365,대출가능,500~590L 813-950
Going Green,Christine Pakkala,520,[영어]부산영어도서관 500-590L,BGE000073123,대출가능,500~590L 509-19-2
Patchwork Quilt,Valerie Flournoy,520,[영어]부산영어도서관 500-590L,BGE000001966,대출가능,500~590L 813-52
I'm Sticking With You,Smriti Halls,520,[영어]부산영어도서관 500-590L,BGE000074035,대출가능,500~590L 813-2533-1
On Thin Ice (Katie Kazoo),Nancy Krulik,520,[영어]부산영어도서관 500-590L,BGE000040773,대출불가(관외대출중),500~590L 813-210-37
Little Red Bird,Nick Bruel,520,[영어]부산영어도서관 500-590L,BGE000036836,대출가능,500~590L 813-1003
Toys In Space,Mini Grey,520,[영어]부산영어도서관 500-590L,BGE000046601,대출가능,500~590L 813-1523
Hyenas (Animals),Kevin J Holmes,520,[영어]부산영어도서관 500-590L,BGE000013967,대출가능,500~590L 599-11
Glaciers,Colleen Sexton,520,[영어]부산영어도서관 500-590L,BGE000059297,대출가능,500~590L 551-29-4
Storm,Donna Jo Napoli,520,[영어]부산영어도서관 500-590L,BGE000066164,대출가능,500~590L 813-2400
Laura Bush (Rookie Biographies),Wil Mara,520,[영어]부산영어도서관 500-590L,BGE000011008,대출불가(관외대출중),500~590L 920-9-B-6
Silver,Norma Fox Mazer,520,[영어]부산영어도서관 500-590L,BGE000071897,대출가능,500~590L 813-2469-3
Second Grade Friends,Miriam Cohen,520,[영어]부산영어도서관 500-590L,BGE000002371,대출가능,500~590L 813-37
King's Taster,Kenneth Oppel,520,[영어]부산영어도서관 500-590L,BGE000032672,대출가능,500~590L 813-674
The Odds,Matt Stanton,520,[영어]부산영어도서관 500-590L,BGE000080669,대출가능,500~590L 813-1623-3
It's Snowing!,Steve Metzger,520,[영어]부산영어도서관 500-590L,BGE000044895,대출가능,500~590L 813-1449-10
Penny,Jane E Gerver,520,[영어]부산영어도서관 500-590L,BGE000069159,대출가능,500~590L 813-2420-3
I Am Rosa Parks,Rosa Parks,520,[영어]부산영어도서관 500-590L,BGE000049687,대출가능,500~590L 920-17-18
Louis Braille,Jayne Woodhouse,520,[영어]부산영어도서관 500-590L,BGE000005110,대출가능,500~590L 686-1
School Rules,Larry Dane Brimner,520,[영어]부산영어도서관 500-590L,BGE000015150,대출가능,500~590L 808-1-C-2
Bedtime For Bear,Bonny Becker,520,[영어]부산영어도서관 500-590L,BGE000053166,대출가능,500~590L 813-1866
The Tiger Rising,Kate DiCamillo,520,[영어]부산영어도서관 500-590L,BGE000054285,대출가능,500~590L 813-588=9
Arthur's Homework,Marc Brown,520,[영어]부산영어도서관 500-590L,BGE000062376,대출가능,500~590L 813-2246-1
A Rainbow Of My Own,Don Freeman,520,[영어]부산영어도서관 500-590L,BGE000057797,대출가능,500~590L 813-2114
Hey! Who Stole The Toilet?,Nancy Krulik,520,[영어]부산영어도서관 500-590L,BGE000047491,대출불가(관외대출중),500~590L 813-1288-8
Now You See Me...Now You Don't,Dan Greenburg,520,[영어]부산영어도서관 500-590L,BGE000054130,대출불가(관외대출중),500~590L 813-61-12=4
The Kissing Hand,Audrey Penn,520,[영어]부산영어도서관 500-590L,BGE000057718,대출가능,500~590L 813-343-1=3
The Haunted Library,Dori Hillestad Butler,520,[영어]부산영어도서관 500-590L,BGE000051749,대출가능,500~590L 823-151-1
Attack Of The Tagger,Wendelin Van Draanen,520,[영어]부산영어도서관 500-590L,BGE000042387,대출가능,500~590L 813-305-2
The Encounter,K  A Applegate,520,[영어]부산영어도서관 500-590L,BGE000040019,대출가능,500~590L 813-252-3
Drat! You Copycat!,Nancy Krulik,520,[영어]부산영어도서관 500-590L,BGE000029622,대출불가(관외대출중),500~590L 813-210-7
The Emperor and the Nightingale,Rosie Dickins,520,[영어]부산영어도서관 500-590L,BGE000074303,대출불가(관외대출중),500~590L 428-31-1-3
From Tadpole To Frog,Wendy Pfeffer,520,[영어]부산영어도서관 500-590L,BGE000001570,대출가능,500~590L 597-1
Trouble Magnet,Nancy Krulik,520,[영어]부산영어도서관 500-590L,BGE000041834,대출불가(관외대출중),500~590L 813-1288-2
Gingerbread Boy,Richard Egielski,520,[영어]부산영어도서관 500-590L,BGE000040481,대출가능,500~590L 398-63
Dolphins,Justin McCory Martin,520,[영어]부산영어도서관 500-590L,BGE000017642,대출가능,500~590L 508-13-19
"Louder, Lili",Gennifer Choldenko,520,[영어]부산영어도서관 500-590L,BGE000032312,대출가능,500~590L 813-720
Mr. George Baker,Amy Hest,520,[영어]부산영어도서관 500-590L,BGE000022626,대출불가(관외대출중),500~590L 813-449
Beach Pug,Kyla May,520,[영어]부산영어도서관 500-590L,BGE000080832,대출가능,-
Ella Takes the Cake,Carmela & Steven D Amico,520,[영어]부산영어도서관 500-590L,BGE000022110,대출가능,500~590L 813-376
Abraham Lincoln,Wil Mara,520,[영어]부산영어도서관 500-590L,BGE000058915,대출가능,500~590L 813-2207-1
Camping Catastrophe!,Abby Klein,520,[영어]부산영어도서관 500-590L,BGE000064892,대출불가(관외대출중),500~590L 813-368-14=4
Emma Kate,Patricia Polacco,520,[영어]부산영어도서관 500-590L,BGE000022865,대출가능,500~590L 813-490
Isla,Arthur Dorros,520,[영어]부산영어도서관 500-590L,BGE000031717,대출가능,500~590L 813-670
The Stinky Cheese Man And Other Fairly Stupid Tales,Jon Scieszka,520,[영어]부산영어도서관 500-590L,BGE000054383,대출가능,500~590L 813-1355=3
Polar Express,Chris Van Allsburg,520,[영어]부산영어도서관 500-590L,BGE000017121,대출가능,500~590L 813-266
Animal Babies,Thomas Flintham,520,[영어]부산영어도서관 500-590L,BGE000017544,대출가능,500~590L 508-13-2
World's Worst Wedgie,Nancy Krulik,520,[영어]부산영어도서관 500-590L,BGE000073483,대출가능,500~590L 813-1288-3=2
Don't Count On Dracula,Dan Greenburg,520,[영어]부산영어도서관 500-590L,BGE000054139,대출불가(관외대출중),500~590L 813-61-21=4
Formula One,David Orme,520,[영어]부산영어도서관 500-590L,BGE000041734,대출가능,500~590L 808-4-3-35
Hello!,Alma Flor Ada,520,[영어]부산영어도서관 500-590L,BGE000003456,대출가능,500~590L 813-63-3-22=2
I Love You So Much,Carl Norac,520,[영어]부산영어도서관 500-590L,BGE000017741,대출가능,500~590L 813-297
Geronimo's Valentine,Geronimo Stilton,520,[영어]부산영어도서관 500-590L,BGE000026913,대출불가(관외대출중),500~590L 813-95-36
Trapped On The D.C. Train!,Ron Roy,520,[영어]부산영어도서관 500-590L,BGE000067486,대출불가(관외대출중),500~590L 813-79-13
The Planets,Jeff Bauer,520,[영어]부산영어도서관 500-590L,BGE000009863,대출가능,500~590L 508-11-2-29
Bad Kitty Christmas,Nick Bruel,520,[영어]부산영어도서관 500-590L,BGE000070165,대출가능,500~590L 813-1224-1=2
Frogs And Toads All Sang,Arnold Lobel,520,[영어]부산영어도서관 500-590L,BGE000035947,대출가능,500~590L 813-938
Red Riding Hood,James Marshall,520,[영어]부산영어도서관 500-590L,BGE000052814,대출가능,500~590L 823-158
What Happens to a Hamburger?,Paul Showers,520,[영어]부산영어도서관 500-590L,BGE000042040,대출가능,500~590L 508-11-2-87
Mystery In The Sand,Gertrude Chandler Warner,520,[영어]부산영어도서관 500-590L,BGE000067187,대출불가(관외대출중),500~590L 813-916-16=2
"Dinosaurs, Dinosaurs",Byron Barton,520,[영어]부산영어도서관 500-590L,BGE000017635,대출가능,500~590L 508-13-18
Ruby The Red Fairy,Daisy Meadows,520,[영어]부산영어도서관 500-590L,BGE000070537,대출가능,500~590L 823-50-1=3
Invisible Stanley,Jeff Brown,520,[영어]부산영어도서관 500-590L,BGE000066461,대출가능,500~590L 813-68-4=2
Froggy Bakes A Cake,Jonathan London,520,[영어]부산영어도서관 500-590L,BGE000081198,대출불가(관외대출중),500~590L 813-1428-1=2
Dinosaurs,Kathleen Weidner Zoehfeld,520,[영어]부산영어도서관 500-590L,BGE000017635,대출가능,500~590L 508-13-18
Respect,Lucia Raatma,520,[영어]부산영어도서관 500-590L,BGE000030525,대출가능,300~390L 152-3
The Underdogs,Tracey West,510,[영어]부산영어도서관 500-590L,BGE000079332,대출가능,500~590L 813-2441-3
Demeter and Persephone,Trina Robbins,510,[영어]부산영어도서관 500-590L,BGE000048789,대출가능,500~590L 398-74-1
A Night in Terror Tower,R L Stine,510,[영어]부산영어도서관 500-590L,BGE000030739,대출가능,500~590L 813-641-27
Red Pizzas for a Blue Count,Geronimo Stilton,520,[영어]부산영어도서관 500-590L,BGE000055899,대출가능,500~590L 813-95-7=2
Wind Power,Andy Boyles,510,[영어]부산영어도서관 500-590L,BGE000014182,대출가능,500~590L 333-1-2
UFOs,Elizabeth Noll,510,[영어]부산영어도서관 500-590L,BGE000081197,대출가능,500~590L 813-2054-4=2
Press Start! #12: Super Rabbit Boy World!,Thomas Flintham,520,[영어]부산영어도서관 500-590L,BGE000075703,대출가능,500~590L 813-1911-12
Landslide,Keira Wong,510,[영어]부산영어도서관 500-590L,BGE000059298,대출가능,500~590L 551-29-5
Spoon,Amy Rosenthal,520,[영어]부산영어도서관 500-590L,BGE000062307,대출가능,500~590L 813-2258-1
Press Start! #11: Super Cheat Codes and Secret Modes!,Thomas Flintham,520,[영어]부산영어도서관 500-590L,BGE000075702,대출불가(관외대출중),500~590L 813-1911-11
Baseball’s Best,Phil Kettle,510,[영어]부산영어도서관 500-590L,BGE000010695,대출가능,500~590L 081-1-5-11
The Nightingale,Violet Findley,510,[영어]부산영어도서관 500-590L,BGE000069814,대출가능,500~590L 808-13-27
Good Night!,Ana Galan,510,[영어]부산영어도서관 500-590L,BGE000072083,대출가능,500~590L 823-276
Cookie,Isabelle Duff,510,[영어]부산영어도서관 500-590L,BGE000080803,대출가능,500~590L 823-321
The Battle,Ashling Kwok,510,[영어]부산영어도서관 500-590L,BGE000057722,대출가능,500~590L 741-10-4
Our Earth: Keeping It Clean,Peggy Hock,510,[영어]부산영어도서관 500-590L,BGE000001615,대출가능,500~590L 363-1
Let's Talk Baseball,Janice Behrens,510,[영어]부산영어도서관 500-590L,BGE000049000,대출가능,500~590L 796-22
Let's Talk Tae Kwon Do,Laine Falk,510,[영어]부산영어도서관 500-590L,BGE000049006,대출가능,500~590L 796-21
Treasure Nap,Juanita Havill,510,[영어]부산영어도서관 500-590L,BGE000042668,대출가능,500~590L 813-1338
It's Class Trip Day,Steve Metzger,510,[영어]부산영어도서관 500-590L,BGE000044894,대출가능,500~590L 813-1449-9
It's Time-Out Time!,Steve Metzger,510,[영어]부산영어도서관 500-590L,BGE000044897,대출가능,500~590L 813-1449-12
What Makes The Seasons?,Megan Montague Cash,510,[영어]부산영어도서관 500-590L,BGE000000823,대출가능,500~590L 551-1
Rebel,John Schoenherr,510,[영어]부산영어도서관 500-590L,BGE000029539,대출가능,500~590L 813-606-7=2
Benjamin McFadden And The Robot Babysitter,Timothy Bush,510,[영어]부산영어도서관 500-590L,BGE000053552,대출가능,500~590L 813-1882
Paperboy,Mary Kay Kroeger,510,[영어]부산영어도서관 500-590L,BGE000068902,대출가능,500~590L 741-1=2
Belle,Elizabeth Mills,510,[영어]부산영어도서관 500-590L,BGE000070585,대출가능,500~590L 823-49-1
Lucky,Jane E Gerver,510,[영어]부산영어도서관 500-590L,BGE000055829,대출가능,500~590L 813-2002-1
Kersplatypus,Susan K Mitchell,510,[영어]부산영어도서관 500-590L,BGE000048995,대출가능,500~590L 813-1604
Ellie McDoodle: New Kid In,Ruth McNally Barshaw,510,[영어]부산영어도서관 500-590L,BGE000039840,대출가능,500~590L 813-1171-1
Lost In Las Vegas,Dan Greenburg,510,[영어]부산영어도서관 500-590L,BGE000010698,대출가능,500~590L 813-208-2
Mixed-Up Mask Mystery,Elizabeth Levy,510,[영어]부산영어도서관 500-590L,BGE000026090,대출가능,500~590L 813-456
I Love Saturdays y domingos,Alma Flor Ada,510,[영어]부산영어도서관 500-590L,BGE000026382,대출가능,500~590L 813-483
Substitute Groundhog,Pat Miller,510,[영어]부산영어도서관 500-590L,BGE000049058,대출가능,500~590L 813-1607
April Fool! Watch Out At School!,Diane deGroat,510,[영어]부산영어도서관 500-590L,BGE000033502,대출가능,500~590L 813-853
Mimi's Dada Catifesto,Shelley Jackson,510,[영어]부산영어도서관 500-590L,BGE000032360,대출가능,500~590L 709-1
Subway,Christoph Niemann,510,[영어]부산영어도서관 500-590L,BGE000045983,대출가능,500~590L 388-2
Gentleman Bug,Julian Hector,510,[영어]부산영어도서관 500-590L,BGE000032649,대출가능,500~590L 813-677
String Of Hearts,Laura Malone Elliott,510,[영어]부산영어도서관 500-590L,BGE000043075,대출가능,500~590L 813-1367
Fast Slide,Melanie Jackson,510,[영어]부산영어도서관 500-590L,BGE000043088,대출가능,500~590L 813-1376
Shadow,Jenny Moss,510,[영어]부산영어도서관 500-590L,BGE000052743,대출가능,500~590L 813-1848-1
There's No Crying In Baseball,Anita Yasuda,510,[영어]부산영어도서관 500-590L,BGE000069073,대출가능,500~590L 813-1696-7
George W. Bush,Mary Hill,510,[영어]부산영어도서관 500-590L,BGE000010915,대출가능,500~590L 920-9-B-4
Pale,Chris Wooding,510,[영어]부산영어도서관 500-590L,BGE000022756,대출가능,500~590L 813-400
Maggie,Ann M Martin,510,[영어]부산영어도서관 500-590L,BGE000034042,대출가능,500~590L 813-819
My Freedom Trip,Frances Park,510,[영어]부산영어도서관 500-590L,BGE000037775,대출가능,500~590L 895-2
Shipwreck,Carmel Reilly,510,[영어]부산영어도서관 500-590L,BGE000030992,대출가능,500~590L 910-8
Secret Tree,Natalie Standiford,510,[영어]부산영어도서관 500-590L,BGE000049196,대출가능,500~590L 813-1619
Fight For Life,Laurie Halse Anderson,510,[영어]부산영어도서관 500-590L,BGE000021012,대출가능,500~590L 813-355-1
Like Carrot Juice On A Cupcake,Julie Sternberg,510,[영어]부산영어도서관 500-590L,BGE000047931,대출가능,500~590L 813-1565
Little T And The Dragon's Tooth,Frank Rodgers,510,[영어]부산영어도서관 500-590L,BGE000042694,대출가능,500~590L 813-1331-3
Please Is A Good Word To Say,Barbara Joosse,510,[영어]부산영어도서관 500-590L,BGE000034180,대출가능,500~590L 813-837
Andy and the Lion,James Daugherty,510,[영어]부산영어도서관 500-590L,BGE000014737,대출가능,500~590L 398-11
Pocahontas (Rookie Biographies),Nancy Polette,510,[영어]부산영어도서관 500-590L,BGE000015117,대출가능,500~590L 920-9-B-19
Alphabears,Kathleen Hague,510,[영어]부산영어도서관 500-590L,BGE000021120,대출가능,500~590L 813-359
I Was A Third Grade Spy,Mary Jane Auch,510,[영어]부산영어도서관 500-590L,BGE000003697,대출가능,500~590L 813-72
Apple Orchard Race,Abby Klein,510,[영어]부산영어도서관 500-590L,BGE000049049,대출가능,500~590L 813-368-20
Dream Snow,Eric Carle,510,[영어]부산영어도서관 500-590L,BGE000071430,대출가능,500~590L 813-580-10
Halloween,Joyce K Kessel,510,[영어]부산영어도서관 500-590L,BGE000022030,대출가능,500~590L 791-2-1-2=2
Bob,Tracey Campbell Pearson,510,[영어]부산영어도서관 500-590L,BGE000058596,대출가능,500~590L 813-2044=2
Lemonade For Sale,Stuart J Murphy,510,[영어]부산영어도서관 500-590L,BGE000010121,대출불가(관외대출중),500~590L 510-3-3
Scrambled States Of America,Laurie Keller,510,[영어]부산영어도서관 500-590L,BGE000041884,대출가능,500~590L 973-15
Rooster's Off to See the World,Eric Carle,510,[영어]부산영어도서관 500-590L,BGE000019912,대출가능,500~590L 813-580-1=3
Weekend With Wendell,Kevin Henkes,510,[영어]부산영어도서관 500-590L,BGE000010089,대출가능,500~590L 813-197
It's Fire Drill Day!,Steve Metzger,510,[영어]부산영어도서관 500-590L,BGE000044886,대출가능,500~590L 813-1449-1
Night Lights,Steven Schnur,510,[영어]부산영어도서관 500-590L,BGE000066658,대출가능,500~590L 741-24-2
No Bones About It,Nancy Krulik,510,[영어]부산영어도서관 500-590L,BGE000010367,대출가능,500~590L 813-210-12
Cows to the Rescue,John Himmelman,510,[영어]부산영어도서관 500-590L,BGE000040475,대출가능,500~590L 813-1226
"Martin Luther King, Jr.",Lola M Schaefer,510,[영어]부산영어도서관 500-590L,BGE000051217,대출가능,500~590L 920-17-21
Mountain Top Mystery,Gertrude Chandler Warner,510,[영어]부산영어도서관 500-590L,BGE000067180,대출가능,500~590L 813-916-9=2
The Panda Problem,Deborah Underwood,510,[영어]부산영어도서관 500-590L,BGE000060282,대출가능,500~590L 813-2241
Playhouse,Robert Munsch,510,[영어]부산영어도서관 500-590L,BGE000072160,대출가능,500~590L 823-279
Hurry Up And Slow Down,Layn Marlow,510,[영어]부산영어도서관 500-590L,BGE000022187,대출가능,500~590L 813-402
Snow Day For Mouse,Judy Cox,510,[영어]부산영어도서관 500-590L,BGE000054847,대출가능,500~590L 813-1937
River,Helen Maharan,510,[영어]부산영어도서관 500-590L,BGE000081737,대출가능,500~590L 823-337
Say Something!,Peter Hamilton Reynolds,510,[영어]부산영어도서관 500-590L,BGE000070193,대출가능,500~590L 813-2193
Do You Know About Amphibians?,Buffy Silverman,510,[영어]부산영어도서관 500-590L,BGE000049034,대출가능,500~590L 508-12-7-1
Snow Place Like Home,Christina Soontornvat,510,[영어]부산영어도서관 500-590L,BGE000064476,대출불가(관외대출중),500~590L 813-1794-17
Play Ball!,Jorge Posada,510,[영어]부산영어도서관 500-590L,BGE000032480,대출가능,500~590L 813-678
Amadi's Snowman,Katia Novet Saint-Lot,510,[영어]부산영어도서관 500-590L,BGE000036728,대출가능,500~590L 813-989
Yo-Ho-Ho!,Brian James,510,[영어]부산영어도서관 500-590L,BGE000033391,대출가능,500~590L 813-871-7
Mind Your Manners,Samantha Brooke,510,[영어]부산영어도서관 500-590L,BGE000037514,대출가능,500~590L 395-6
Do Like Kyla,Angela Johnson,510,[영어]부산영어도서관 500-590L,BGE000000133,대출가능,500~590L 813-6
Froggy Eats Out,Jonathan London,510,[영어]부산영어도서관 500-590L,BGE000044920,대출가능,500~590L 813-1428-14
Secret Garden,Deborah Hautzig,510,[영어]부산영어도서관 500-590L,BGE000069198,대출가능,500~590L 808-4-3-24=2
Officer Spence Makes No Sense!,Dan Gutman,510,[영어]부산영어도서관 500-590L,BGE000065221,대출가능,500~590L 813-207-5=3
Balloon For Isabel,Deborah Underwood,510,[영어]부산영어도서관 500-590L,BGE000031814,대출가능,500~590L 813-768
Abuela,Arthur Dorros,510,[영어]부산영어도서관 500-590L,BGE000027877,대출가능,500~590L 813-569
"Judy Moody, Mood Martian",Megan McDonald,510,[영어]부산영어도서관 500-590L,BGE000047975,대출가능,500~590L 813-103-12
This Is The Way We Eat Our Foo,Laine Falk,510,[영어]부산영어도서관 500-590L,BGE000049037,대출가능,500~590L 641-8
"Trick Or Treat, Marley!",John Grogan,510,[영어]부산영어도서관 500-590L,BGE000039614,대출가능,500~590L 813-1154
Duck,Angela Royston,510,[영어]부산영어도서관 500-590L,BGE000051692,대출가능,500~590L 823-148
Sunshine Makes The Seasons,Franklyn M Branley,510,[영어]부산영어도서관 500-590L,BGE000009856,대출가능,500~590L 508-11-2-35
Fancy Nancy,Jane O Connor,510,[영어]부산영어도서관 500-590L,BGE000014370,대출가능,500~590L 813-2250-1-3
I'm Not a Supermouse!,Geronimo Stilton,510,[영어]부산영어도서관 500-590L,BGE000042239,대출가능,500~590L 813-95-43
Let's Talk Soccer,Laine Falk,510,[영어]부산영어도서관 500-590L,BGE000049003,대출가능,500~590L 796-20
The Little Red Hen,Paul Galdone,510,[영어]부산영어도서관 500-590L,BGE000058393,대출가능,500~590L 398-83
Puppy Who Wanted a Boy,Jane Thayer,510,[영어]부산영어도서관 500-590L,BGE000038830,대출가능,500~590L 813-1063
Curious George Makes Pancakes,Margret & H A Rey,510,[영어]부산영어도서관 500-590L,BGE000039633,대출가능,500~590L 813-571-1-34
Greenish Eggs And Dinosaurs,Dan Greenburg,510,[영어]부산영어도서관 500-590L,BGE000054141,대출가능,500~590L 813-61-23=4
Alice the Fairy,David Shannon,510,[영어]부산영어도서관 500-590L,BGE000000019,대출가능,500~590L 813-2
Attack Of The Tighty Whities!,Nancy Krulik,510,[영어]부산영어도서관 500-590L,BGE000047490,대출불가(관외대출중),500~590L 813-1288-7
Sun & Moon,Lisa Desimini,510,[영어]부산영어도서관 500-590L,BGE000080219,대출가능,500~590L 508-20-9
Ms. Beard Is Weird!,Dan Gutman,510,[영어]부산영어도서관 500-590L,BGE000048046,대출가능,500~590L 813-205-5
Boy Who Cried Wolf,Ellen Schecter,510,[영어]부산영어도서관 500-590L,BGE000074310,대출불가(관외대출중),500~590L 428-31-1-10
Arthur's Pet Business,Marc Brown,510,[영어]부산영어도서관 500-590L,BGE000045146,대출불가(관외대출중),500~590L 813-1466-10
Sam and the Tigers,Julius Lester,510,[영어]부산영어도서관 500-590L,BGE000022642,대출가능,500~590L 813-496
Press Start! #5: Super Rabbit Boy Blasts off!,Thomas Flintham,510,[영어]부산영어도서관 500-590L,BGE000064582,대출불가(관외대출중),500~590L 813-1911-5
A Bite in the Night,Julian Gough,510,[영어]부산영어도서관 500-590L,BGE000069323,대출가능,500~590L 823-253-4
Stick Man,Julia Donaldson,510,[영어]부산영어도서관 500-590L,BGE000030577,대출가능,500~590L 813-645
Interrupting Chicken,David Ezra Stein,510,[영어]부산영어도서관 500-590L,BGE000068244,대출가능,500~590L 813-2415-2
Emperor's New Clothes,Ruth Belov Gross,510,[영어]부산영어도서관 500-590L,BGE000074304,대출불가(관외대출중),500~590L 428-31-1-4
Jack and the Snackstalk,Noah Jones,510,[영어]부산영어도서관 500-590L,BGE000051213,대출가능,500~590L 813-1614-4
"Happy Birthday, Geronimo!",Geronimo Stilton,510,[영어]부산영어도서관 500-590L,BGE000062059,대출불가(관외대출중),500~590L 813-95-74
Officer Buckle and Gloria,Peggy Rathmann,510,[영어]부산영어도서관 500-590L,BGE000002287,대출가능,500~590L 813-32
What Do You Do With A Tail,Steve Jenkins,510,[영어]부산영어도서관 500-590L,BGE000068667,대출가능,500~590L 813-1627=2
Jane Goodall,Jo S Kittinger,500,[영어]부산영어도서관 500-590L,BGE000057740,대출가능,500~590L 920-17-22=2
Milk To Ice Cream,Lisa M Herrington,500,[영어]부산영어도서관 500-590L,BGE000058273,대출가능,500~590L 641-9-4
Boom!,Howard Gutner,500,[영어]부산영어도서관 500-590L,BGE000017578,대출가능,500~590L 813-276
The Princess and the Pea,Violet Findley,500,[영어]부산영어도서관 500-590L,BGE000055509,대출가능,500~590L 813-90-1-1
The Call of the Wild,Sean McCollum,500,[영어]부산영어도서관 500-590L,BGE000075503,대출가능,500~590L 428-39-2-13
Is That a Caterpillar?,Scholastic editors,500,[영어]부산영어도서관 500-590L,BGE000056207,대출가능,500~590L 595-20
The Wind In The Willows,Nomi Waldman,500,[영어]부산영어도서관 500-590L,BGE000067940,대출가능,500~590L 823-191
Antarctica,Rebecca Hirsch,500,[영어]부산영어도서관 500-590L,BGE000028641,대출가능,500~590L 919-2
The Bermuda Triangle,Elizabeth Noll,500,[영어]부산영어도서관 500-590L,BGE000057085,대출가능,500~590L 001-3
The Star,Linda Ragsdale,500,[영어]부산영어도서관 500-590L,BGE000026139,대출가능,500~590L 813-198-7
A Boy Like You,Frank Murphy,500,[영어]부산영어도서관 500-590L,BGE000060269,대출가능,500~590L 813-2240
Wreck of the Zephyr,Chris Van Allsburg,500,[영어]부산영어도서관 500-590L,BGE000041906,대출가능,500~590L 813-1295
Dandelion,Don Freeman,500,[영어]부산영어도서관 500-590L,BGE000053537,대출가능,500~590L 813-1890
Chopsticks!,Toma Nguyen,500,[영어]부산영어도서관 500-590L,BGE000062313,대출가능,500~590L 813-2258-2
Trip,Ezra Jack Keats,500,[영어]부산영어도서관 500-590L,BGE000073397,대출가능,500~590L 823-288-4
Just One!,Sam McBratney,500,[영어]부산영어도서관 500-590L,BGE000077013,대출가능,500~590L 813-2577
Dumpling Soup,Jama Kim Rattigan,500,[영어]부산영어도서관 500-590L,BGE000037716,대출가능,500~590L 813-1046
Who Stole Norton?,Bernadette Kelly,500,[영어]부산영어도서관 500-590L,BGE000039719,대출가능,500~590L 813-1161-3
Say Something,Peggy Moss,500,[영어]부산영어도서관 500-590L,BGE000070193,대출가능,500~590L 813-2193
Landslides,Jeffrey Zuehlke,500,[영어]부산영어도서관 500-590L,BGE000059298,대출가능,500~590L 551-29-5
Frankie Stein,Lola M Schaefer,500,[영어]부산영어도서관 500-590L,BGE000026893,대출가능,500~590L 813-547
Armando And The Blue Tarp,Edith Hope Fine,500,[영어]부산영어도서관 500-590L,BGE000031885,대출가능,500~590L 813-726
Winston The Book Wolf,Marni McGee,500,[영어]부산영어도서관 500-590L,BGE000032875,대출가능,500~590L 813-729
Twenty Heartbeats,Dennis Haseley,500,[영어]부산영어도서관 500-590L,BGE000037012,대출가능,500~590L 813-982
The Wolves In The Walls,Neil Gaiman,500,[영어]부산영어도서관 500-590L,BGE000029483,대출가능,500~590L 813-589
Night Flight: Amelia Earhart Crosses The Atlantic,Robert Burleigh,500,[영어]부산영어도서관 500-590L,BGE000042580,대출가능,500~590L 629-8
Very Big Bunny,Marisabina Russo,500,[영어]부산영어도서관 500-590L,BGE000031842,대출가능,500~590L 813-708
Joha Makes A Wish,Eric A Kimmel,500,[영어]부산영어도서관 500-590L,BGE000048338,대출가능,500~590L 398-72
Pigboy,Vicki Grant,500,[영어]부산영어도서관 500-590L,BGE000044769,대출가능,500~590L 813-1439
Born Yesterday: The Diary of A Young Journalist,James Solheim,500,[영어]부산영어도서관 500-590L,BGE000031938,대출가능,500~590L 813-687
"Bed, Bats, & Beyond",Joan Holub,500,[영어]부산영어도서관 500-590L,BGE000033539,대출가능,500~590L 813-841
Cage,Ruth Minsky Sender,500,[영어]부산영어도서관 500-590L,BGE000042781,대출가능,500~590L 940-5
Labrador Retriever,Charles George,500,[영어]부산영어도서관 500-590L,BGE000043110,대출가능,500~590L 636-16
Three Strikes For Rotten Ralph,Jack Gantos,500,[영어]부산영어도서관 500-590L,BGE000039571,대출가능,500~590L 813-1200-5
Deep In The Desert,Rhonda Lucas Donald,500,[영어]부산영어도서관 500-590L,BGE000039779,대출가능,500~590L 577-3
Little Santa,Jon Agee,500,[영어]부산영어도서관 500-590L,BGE000046569,대출가능,500~590L 813-1513
"Tell The Truth, B.B. Wolf",Judy Sierra,500,[영어]부산영어도서관 500-590L,BGE000043077,대출가능,500~590L 813-1368
"April Fool, Phyllis!",Susanna Leonard Hill,500,[영어]부산영어도서관 500-590L,BGE000039637,대출가능,500~590L 813-1179
Pirate Boy,Eve Bunting,500,[영어]부산영어도서관 500-590L,BGE000039640,대출가능,500~590L 813-1180
Around The World,John Coy,500,[영어]부산영어도서관 500-590L,BGE000064727,대출가능,500~590L 081-2-13
We Are All Equal,P Crumble,500,[영어]부산영어도서관 500-590L,BGE000069480,대출가능,500~590L 823-256
Rude Stories,Jan Andrews,500,[영어]부산영어도서관 500-590L,BGE000040041,대출가능,500~590L 813-1175
Curse Of Snake Island,Brian James,500,[영어]부산영어도서관 500-590L,BGE000033388,대출불가(관외대출중),500~590L 813-871-1
I'm Having A Bad Day!,Steve Metzger,500,[영어]부산영어도서관 500-590L,BGE000044888,대출가능,500~590L 813-1449-3
Franklin D. Roosevelt,Wil Mara,500,[영어]부산영어도서관 500-590L,BGE000010900,대출가능,500~590L 920-9-B-3
Are You Ready For Fall?,Sheila Anderson,500,[영어]부산영어도서관 500-590L,BGE000039675,대출가능,500~590L 508-12-1-1
Story Of Jumping Mouse,John Steptoe,500,[영어]부산영어도서관 500-590L,BGE000039699,대출가능,500~590L 398-58
Rabbits,Derek Zobel,500,[영어]부산영어도서관 500-590L,BGE000038221,대출가능,500~590L 636-9
Blizzard,Betty Ren Wright,500,[영어]부산영어도서관 500-590L,BGE000049087,대출가능,500~590L 813-1611
Poodle And Hound,Kathryn Lasky,500,[영어]부산영어도서관 500-590L,BGE000030504,대출가능,500~590L 813-651
Big Green Pocketbook,Candice F Ransom,500,[영어]부산영어도서관 500-590L,BGE000059854,대출가능,500~590L 813-2227
Meanwhile,Jules Feiffer,500,[영어]부산영어도서관 500-590L,BGE000018368,대출가능,500~590L 813-316
Hot Rod Hamster,Cynthia Lord,500,[영어]부산영어도서관 500-590L,BGE000056843,대출가능,500~590L 823-225-3-2
Burglar Who Bit The Big Apple,Steve Brezenoff,500,[영어]부산영어도서관 500-590L,BGE000040038,대출가능,500~590L 813-1174
The Accidental Volcano,Jonathan Messinger,500,[영어]부산영어도서관 500-590L,BGE000066546,대출가능,500~590L 823-235-2
Fuddles,Frans Vischer,500,[영어]부산영어도서관 500-590L,BGE000038485,대출가능,500~590L 813-1089
Harriet Tubman,Catherine Nichols,500,[영어]부산영어도서관 500-590L,BGE000043114,대출가능,500~590L 920-13
I Will Be Especially Very Careful,Lauren Child,500,[영어]부산영어도서관 500-590L,BGE000062399,대출불가(관외대출중),500~590L 823-224-9
Rapunzel's Revenge,Shannon Hale,500,[영어]부산영어도서관 500-590L,BGE000033037,대출가능,500~590L 813-755
Erandi's Braids,Antonio Hernandez Madrigal,500,[영어]부산영어도서관 500-590L,BGE000027906,대출가능,500~590L 813-573
"When Things Aren't Going Right, Go Left",Marc Colagiovanni,500,[영어]부산영어도서관 500-590L,BGE000081719,대출가능,500~590L 813-2668
Cool Coats,Larry Dane Brimner,500,[영어]부산영어도서관 500-590L,BGE000010832,대출가능,500~590L 808-1-C-1
I Am Not Sleepy And I Will Not Go To Bed,Lauren Child,500,[영어]부산영어도서관 500-590L,BGE000036817,대출가능,500~590L 823-224-30
"Flash, Crash, Rumble, And Roll",Franklyn M Branley,500,[영어]부산영어도서관 500-590L,BGE000038477,대출가능,500~590L 508-11-2-55
"Turtle, Turtle, Watch Out!",April Pulley Sayre,500,[영어]부산영어도서관 500-590L,BGE000032800,대출불가(관외대출중),500~590L 813-728
Rudi's Pond,Eve Bunting,500,[영어]부산영어도서관 500-590L,BGE000032528,대출가능,500~590L 813-693
Chopsticks,Amy Krouse Rosenthal,500,[영어]부산영어도서관 500-590L,BGE000062313,대출가능,500~590L 813-2258-2
Very Merry Christmas,Sierra Harriman,500,[영어]부산영어도서관 500-590L,BGE000026912,대출불가(관외대출중),500~590L 813-95-35
Another Book about Bears,Laura Bunting,500,[영어]부산영어도서관 500-590L,BGE000081005,대출가능,500~590L 823-327
"It's Me, Two",Jim Benton,500,[영어]부산영어도서관 500-590L,BGE000061968,대출불가(관외대출중),500~590L 741-20-2
What Do Fish Have To Do With Anything?: And Other Stories,Avi,500,[영어]부산영어도서관 500-590L,BGE000033139,대출가능,500~590L 813-712
Froggy Gets A Doggy,Jonathan London,500,[영어]부산영어도서관 500-590L,BGE000048597,대출가능,500~590L 813-1428-16
Five True Dog Stories,Margaret Davidson,500,[영어]부산영어도서관 500-590L,BGE000002362,대출가능,500~590L 636-1
Mr. Putter & Tabby Spill The Beans,Cynthia Rylant,500,[영어]부산영어도서관 500-590L,BGE000035482,대출가능,500~590L 813-1172-18
I'm The Boss!,Steve Metzger,500,[영어]부산영어도서관 500-590L,BGE000044892,대출가능,500~590L 813-1449-7
"Hoot Owl, Master of Disguise",Sean Taylor,500,[영어]부산영어도서관 500-590L,BGE000075611,대출불가(관외대출중),500~590L 823-294
Dear Mrs. LaRue,Mark Teague,500,[영어]부산영어도서관 500-590L,BGE000001894,대출가능,500~590L 813-42
Bugs,Nancy Winslow Parker,500,[영어]부산영어도서관 500-590L,BGE000038411,대출가능,500~590L 813-1084
Mr. Putter & Tabby Row The Boat,Cynthia Rylant,500,[영어]부산영어도서관 500-590L,BGE000040243,대출불가(관외대출중),500~590L 813-1172-9
Upside-Down Magic,Sarah Mlynowski,500,[영어]부산영어도서관 500-590L,BGE000053330,대출가능,500~590L 813-1879-1
Mr. Putter & Tabby Bake The Cake,Cynthia Rylant,500,[영어]부산영어도서관 500-590L,BGE000040235,대출불가(관외대출중),500~590L 813-1172-1
Elmer,David McKee,500,[영어]부산영어도서관 500-590L,BGE000014544,대출가능,500~590L 813-217
Storms,Miriam Busch Goin,500,[영어]부산영어도서관 500-590L,BGE000080218,대출가능,500~590L 508-20-8
Chicken Little,Rebecca Emberley,500,[영어]부산영어도서관 500-590L,BGE000031981,대출가능,500~590L 398-44
Kidnapped At The Capital,Ron Roy,500,[영어]부산영어도서관 500-590L,BGE000067501,대출가능,500~590L 813-79-2=4
Hear Your Heart,Paul Showers,500,[영어]부산영어도서관 500-590L,BGE000041383,대출가능,500~590L 508-11-2-81
Going Batty,Kirsten Hall,500,[영어]부산영어도서관 500-590L,BGE000029610,대출불가(관외대출중),500~590L 813-210-32
Big Nate: In A Class By Himself,Lincoln Peirce,500,[영어]부산영어도서관 500-590L,BGE000068132,대출가능,500~590L 813-786-1
Charlie Needs A Cloak,Tomie dePaola,500,[영어]부산영어도서관 500-590L,BGE000020014,대출가능,500~590L 646-3
Little Penguin's Tale,Audrey Wood,500,[영어]부산영어도서관 500-590L,BGE000010387,대출가능,500~590L 813-337
Strega Nona Meets Her Match,Tomie dePaola,500,[영어]부산영어도서관 500-590L,BGE000040695,대출가능,500~590L 813-1249
Sadako,Eleanor Coerr,500,[영어]부산영어도서관 500-590L,BGE000038226,대출가능,500~590L 362-4
Arthur's Baby,Marc Brown,500,[영어]부산영어도서관 500-590L,BGE000001048,대출불가(관외대출중),500~590L 813-1466-21
The Magic School Bus Inside A Hurricane,Joanna Cole,500,[영어]부산영어도서관 500-590L,BGE000028977,대출가능,500~590L 508-9-7
What Makes Day And Night,Franklyn M Branley,500,[영어]부산영어도서관 500-590L,BGE000009853,대출가능,500~590L 508-11-2-31
"Many Kinds Of Matter: A Look At Solids, Liquids, And Gases",Jennifer Boothroyd,500,[영어]부산영어도서관 500-590L,BGE000039681,대출가능,500~590L 530-3
Ruby The Copycat,Peggy Rathmann,500,[영어]부산영어도서관 500-590L,BGE000002101,대출가능,500~590L 813-53
How Many Stars In The Sky?,Lenny Hort,500,[영어]부산영어도서관 500-590L,BGE000001039,대출가능,500~590L 813-19
The Three Billy Goats Gruff,Paul Galdone,500,[영어]부산영어도서관 500-590L,BGE000071566,대출가능,500~590L 813-2451
Be A Friend To Trees,Patricia Lauber,500,[영어]부산영어도서관 500-590L,BGE000009850,대출불가(관외대출중),500~590L 508-11-2-7
I Am Not Esther,Fleur Beale,500,[영어]부산영어도서관 500-590L,BGE000025770,대출가능,500~590L 813-423
What Will The Weather Be?,Lynda DeWitt,500,[영어]부산영어도서관 500-590L,BGE000009854,대출가능,500~590L 508-11-2-37
Tornado,Betsy Byars,500,[영어]부산영어도서관 500-590L,BGE000041385,대출가능,500~590L 508-11-2-83
Potatoes,Ann L Burckhardt,500,[영어]부산영어도서관 500-590L,BGE000022783,대출가능,500~590L 793-4
Edwina: The Dinosaur,Mo Willems,500,[영어]부산영어도서관 500-590L,BGE000030166,대출가능,500~590L 813-542=2
How To Speak Dolphin In Three Easy Lessons,Dan Greenburg,500,[영어]부산영어도서관 500-590L,BGE000054129,대출불가(관외대출중),-
Froggy Builds A Tree House,Jonathan London,500,[영어]부산영어도서관 500-590L,BGE000043576,대출불가(관외대출중),500~590L 813-1428-4
Curious George In The Big City,Margret & H A Rey,500,[영어]부산영어도서관 500-590L,BGE000033656,대출불가(관외대출중),500~590L 813-571-1-51
Bones,Stephen Krensky,500,[영어]부산영어도서관 500-590L,BGE000035608,대출가능,500~590L 611-1
My Best Friend,Pat Hutchins,500,[영어]부산영어도서관 500-590L,BGE000011068,대출가능,500~590L 813-212
The Magic School Bus Inside The Earth,Joanna Cole,500,[영어]부산영어도서관 500-590L,BGE000052817,대출불가(관외대출중),500~590L 508-9-12
Judy Moody Saves the World!,Megan McDonald,500,[영어]부산영어도서관 500-590L,BGE000064899,대출불가(관외대출중),500~590L 813-103-3=4
Elliot's Fire Truck,Andrea Beck,500,[영어]부산영어도서관 500-590L,BGE000040554,대출가능,500~590L 813-1225
Spiders,Laura Marsh,500,[영어]부산영어도서관 500-590L,BGE000017968,대출가능,500~590L 508-13-52
Curse Of The Cheese Pyramid,Geronimo Stilton,500,[영어]부산영어도서관 500-590L,BGE000078065,대출가능,500~590L 813-95-2=9
A Fairy Ballet,Daisy Meadows,500,[영어]부산영어도서관 500-590L,BGE000062404,대출가능,500~590L 823-225-2-4
Froggy's First Kiss,Jonathan London,500,[영어]부산영어도서관 500-590L,BGE000044913,대출가능,500~590L 813-1428-7
Endangered Animals,Faith McNulty,500,[영어]부산영어도서관 500-590L,BGE000017660,대출가능,500~590L 508-13-23
Elvis The Turnip...And Me,Dan Greenburg,500,[영어]부산영어도서관 500-590L,BGE000054132,대출가능,500~590L 813-61-14=4
"Ready, Set, Snow!",Abby Klein,500,[영어]부산영어도서관 500-590L,BGE000064904,대출불가(관외대출중),500~590L 813-368-16=2
Mr. Putter & Tabby Pick The Pears,Cynthia Rylant,500,[영어]부산영어도서관 500-590L,BGE000040241,대출불가(관외대출중),500~590L 813-1172-7
Froggy Plays T-Ball,Jonathan London,500,[영어]부산영어도서관 500-590L,BGE000044919,대출가능,500~590L 813-1428-13
The Moon,Melanie Chrismer,500,[영어]부산영어도서관 500-590L,BGE000037844,대출가능,500~590L 813-1019
Allergies,Sharon Gordon,490,[영어]부산영어도서관 400-490L,BGE000014901,대출가능,400~490L 610-1-H-2
Pig the Pug,Aaron Blabey,500,[영어]부산영어도서관 500-590L,BGE000056909,대출불가(관외대출중),500~590L 813-2103-1
Planets,Gail Tuchman,490,[영어]부산영어도서관 400-490L,BGE000077230,대출가능,400~490L 523-17
Bears Don’t Eat Egg Sandwiches,Julie Fulton,490,[영어]부산영어도서관 400-490L,BGE000075605,대출가능,400~490L 823-310
Apples,Marilyn Easton,490,[영어]부산영어도서관 400-490L,BGE000038386,대출가능,400~490L 634-2
My Little Sister,Geoff Patton,490,[영어]부산영어도서관 400-490L,BGE000063593,대출가능,400~490L 823-247
George,Maggie Stern,490,[영어]부산영어도서관 400-490L,BGE000010157,대출가능,400~490L 780-1-6
Twelve Gifts Of Birth,Charlene Costanzo,490,[영어]부산영어도서관 400-490L,BGE000037624,대출가능,400~490L 305-3
Lynx Twins Grow Up,Stephanie Smith,490,[영어]부산영어도서관 400-490L,BGE000015337,대출불가(관외대출중),400~490L 813-228
Katie's New Shoes,Fran Manushkin,490,[영어]부산영어도서관 400-490L,BGE000040571,대출가능,400~490L 813-1162-1
Jam & Jelly By Holly & Nellie,Gloria Whelan,490,[영어]부산영어도서관 400-490L,BGE000017757,대출가능,400~490L 813-263
Ballet Bullies,Jake Maddox,490,[영어]부산영어도서관 400-490L,BGE000039852,대출가능,400~490L 813-1218-1
Ermine's New Home,Stephanie Smith,490,[영어]부산영어도서관 400-490L,BGE000015329,대출가능,400~490L 813-224
Earthmovers On The Move,Lee Sullivan Hill,490,[영어]부산영어도서관 400-490L,BGE000039669,대출가능,400~490L 621-11
Anno's Mysterious Multiplying Jar,Mitsumasa Anno,490,[영어]부산영어도서관 400-490L,BGE000037387,대출가능,400~490L 512-1
There's A Princess In the Palace,Zoe B Alley,490,[영어]부산영어도서관 400-490L,BGE000039735,대출가능,400~490L 741-6
Little Camp Of Horrors,R  L Stine,490,[영어]부산영어도서관 400-490L,BGE000028107,대출가능,400~490L 813-174-4
Smiles To Go,Jerry Spinelli,490,[영어]부산영어도서관 400-490L,BGE000036112,대출가능,400~490L 813-1879
Planting The Wild Garden,Kathryn O Galbraith,490,[영어]부산영어도서관 400-490L,BGE000039698,대출가능,400~490L 581-2
Crunch,Leslie Connor,490,[영어]부산영어도서관 400-490L,BGE000035641,대출가능,400~490L 813-844
"Stella, Unleashed",Linda Ashman,490,[영어]부산영어도서관 400-490L,BGE000027400,대출가능,400~490L 813-471
End Of Days,Max Turner,490,[영어]부산영어도서관 400-490L,BGE000044175,대출가능,400~490L 813-1466=2
Safe,Susan Shaw,490,[영어]부산영어도서관 400-490L,BGE000081546,대출가능,400~490L 612-7-1
Freeze Frame,Heidi Ayarbe,490,[영어]부산영어도서관 400-490L,BGE000046468,대출가능,400~490L 813-1541
Christmas Tapestry,Patricia Polacco,490,[영어]부산영어도서관 400-490L,BGE000030127,대출가능,400~490L 813-598
Fall Leaves: Colorful And Crunchy,Martha E H Rustad,490,[영어]부산영어도서관 400-490L,BGE000040546,대출가능,400~490L 581-3
Little Rabbit's Christmas,Harry Horse,490,[영어]부산영어도서관 400-490L,BGE000038585,대출가능,400~490L 813-1100
Frederick Douglass,Margo McLoone,490,[영어]부산영어도서관 400-490L,BGE000005107,대출가능,400~490L 973-8
Other Side,Jacqueline Woodson,490,[영어]부산영어도서관 400-490L,BGE000066331,대출가능,400~490L 813-1031=3
Windsurfing Winner,Jake Maddox,490,[영어]부산영어도서관 400-490L,BGE000040039,대출가능,400~490L 813-1219-1
Beaver Kits,Ruth Owen,490,[영어]부산영어도서관 400-490L,BGE000043473,대출가능,400~490L 599-14
"What Is Money, Anyway?",Jennifer S Larson,490,[영어]부산영어도서관 400-490L,BGE000039672,대출가능,400~490L 332-4-2
Life Cycle Of A Cat,Colleen Sexton,490,[영어]부산영어도서관 400-490L,BGE000043475,대출가능,400~490L 636-9
Perfect Nest,Catherine Friend,490,[영어]부산영어도서관 400-490L,BGE000023008,대출가능,400~490L 813-379
Puddle,David McPhail,490,[영어]부산영어도서관 400-490L,BGE000048566,대출가능,400~490L 813-1634
When I Grow Up,Tim Minchin,490,[영어]부산영어도서관 400-490L,BGE000071547,대출가능,400~490L 813-2375-1-33
My Bum Is So Cheeky!,Dawn McMillan,490,[영어]부산영어도서관 400-490L,BGE000070224,대출가능,400~490L 823-209-3
Race,Susannah McFarlane,490,[영어]부산영어도서관 400-490L,BGE000054565,대출가능,400~490L 808-8-1-39
Three,Stephen Michael King,490,[영어]부산영어도서관 400-490L,BGE000059823,대출가능,400~490L 230-1
Thunder-Boomer!,Shutta Crum,490,[영어]부산영어도서관 400-490L,BGE000022471,대출가능,400~490L 813-376
Hero Cat,Eileen Spinelli,490,[영어]부산영어도서관 400-490L,BGE000048316,대출가능,400~490L 813-1620
I've Broken My Bum,Dawn McMillan,490,[영어]부산영어도서관 400-490L,BGE000069307,대출가능,400~490L 823-209-2
Abraham Lincoln,Lola M Schaefer,490,[영어]부산영어도서관 500-590L,BGE000058915,대출가능,500~590L 813-2207-1
Rooftoppers,Katherine Rundell,490,[영어]부산영어도서관 400-490L,BGE000046555,대출가능,400~490L 813-1549
Pioneer Cat,William H Hooks,490,[영어]부산영어도서관 400-490L,BGE000032479,대출가능,400~490L 813-622
Jess Makes a Mess,Sally Rippin,490,[영어]부산영어도서관 400-490L,BGE000081211,대출불가(관외대출중),400~490L 823-355-6
One Night In Doom House,R  L Stine,490,[영어]부산영어도서관 400-490L,BGE000046082,대출가능,400~490L 813-174-3=2
Volcan,Mac Park,490,[영어]부산영어도서관 400-490L,BGE000022223,대출가능,400~490L 551-14
Valentine's Day (Rookie Read-About Holidays),David F Marx,490,[영어]부산영어도서관 400-490L,BGE000015189,대출가능,400~490L 394-1-H-5
Furious George Goes Bananas,Michael Rex,490,[영어]부산영어도서관 400-490L,BGE000039722,대출가능,400~490L 813-1171
Superworm,Julia Donaldson,490,[영어]부산영어도서관 400-490L,BGE000050832,대출가능,400~490L 813-1827
Puppy Parade,Cecilia Venn,490,[영어]부산영어도서관 400-490L,BGE000010318,대출가능,400~490L 813-166-1
Pig Kahuna,Jennifer Sattler,490,[영어]부산영어도서관 400-490L,BGE000048580,대출가능,400~490L 813-1637
Magic Secrets,Rose Wyler,490,[영어]부산영어도서관 400-490L,BGE000063798,대출가능,400~490L 808-4-3-33
"City Dog, Country Frog",Mo Willems,490,[영어]부산영어도서관 400-490L,BGE000031987,대출가능,400~490L 813-679
Bread and Jam for Frances,Russell Hoban,490,[영어]부산영어도서관 400-490L,BGE000027889,대출가능,400~490L 813-507
George Flies South,Simon James,490,[영어]부산영어도서관 400-490L,BGE000040364,대출가능,400~490L 813-1233
Show And  Tell,Robert Munsch,490,[영어]부산영어도서관 400-490L,BGE000070730,대출가능,400~490L 813-937-17=2
Amelia Bedelia's First Vote,Herman Parish,490,[영어]부산영어도서관 400-490L,BGE000045002,대출가능,400~490L 813-809-5
Chocolate-Covered Ants,Stephen Manes,490,[영어]부산영어도서관 400-490L,BGE000004771,대출가능,400~490L 813-104
Butterflies,Nic Bishop,490,[영어]부산영어도서관 400-490L,BGE000077228,대출가능,400~490L 595-15
Perfectly Martha,Susan Meddaugh,490,[영어]부산영어도서관 400-490L,BGE000046061,대출가능,400~490L 813-1532-5
Sloppy Joe,Dave Keane,490,[영어]부산영어도서관 400-490L,BGE000035923,대출가능,400~490L 813-890
Horrid Henry And The Scary Sitter,Francesca Simon,490,[영어]부산영어도서관 400-490L,BGE000049012,대출가능,400~490L 823-5-9=2
One Dark And Scary Night,Bill Cosby,490,[영어]부산영어도서관 400-490L,BGE000043035,대출가능,400~490L 813-1418
Bears On Hemlock Mountain,Alice Dalgliesh,490,[영어]부산영어도서관 400-490L,BGE000081205,대출불가(관외대출중),400~490L 813-156-1=2
Tillie And The Wall,Leo Lionni,490,[영어]부산영어도서관 400-490L,BGE000037636,대출가능,400~490L 813-1000
Music Teacher From The Black Lagoon,Mike Thaler,490,[영어]부산영어도서관 400-490L,BGE000044908,대출가능,400~490L 813-1491-1
Life Cycle Of A Salmon,Colleen Sexton,490,[영어]부산영어도서관 400-490L,BGE000043476,대출가능,400~490L 597-12
Gifts,Jo Ellen Bogart,490,[영어]부산영어도서관 400-490L,BGE000067008,대출가능,400~490L 823-267
Mouse Count,Ellen Stoll Walsh,490,[영어]부산영어도서관 400-490L,BGE000003378,대출가능,400~490L 510-2=5
The Mystery Of The Gold Coin,Harper Paris,490,[영어]부산영어도서관 400-490L,BGE000049578,대출가능,400~490L 813-1707-1
Arctic Fox Pups,Ruth Owen,490,[영어]부산영어도서관 400-490L,BGE000043472,대출가능,400~490L 599-13
Sitting Bull,Susan Evento,490,[영어]부산영어도서관 400-490L,BGE000029220,대출가능,400~490L 008-1-37
Survival,K  A Applegate,490,[영어]부산영어도서관 400-490L,BGE000044642,대출가능,400~490L 428-15-1-6
Family Tree,Josh Pyke,490,[영어]부산영어도서관 400-490L,BGE000049569,대출가능,400~490L 813-1698
When The Wind Stops,Charlotte Zolotow,490,[영어]부산영어도서관 400-490L,BGE000010094,대출가능,400~490L 823-18
Jamaica Tag-Along,Juanita Havill,490,[영어]부산영어도서관 400-490L,BGE000002146,대출가능,400~490L 813-60
Dooby Dooby Moo,Doreen Cronin,490,[영어]부산영어도서관 400-490L,BGE000045813,대출가능,400~490L 813-157-3=2
"I Repeat, Don't Cheat!",Margery Cuyler,490,[영어]부산영어도서관 400-490L,BGE000033888,대출불가(관외대출중),400~490L 813-837
Bones And The Cupcake Mystery,David A Adler,490,[영어]부산영어도서관 400-490L,BGE000028665,대출가능,400~490L 813-528
That Fat Hat,Joanne Barkan,490,[영어]부산영어도서관 400-490L,BGE000003501,대출가능,400~490L 813-71-3-3
Hannah's Touch,Laura Langston,490,[영어]부산영어도서관 400-490L,BGE000049018,대출가능,400~490L 813-1655
How Do Dinosaurs Say Happy Birthday?,Jane Yolen,490,[영어]부산영어도서관 400-490L,BGE000040657,대출가능,400~490L 813-215-10
Something Beautiful,Sharon Dennis Wyeth,490,[영어]부산영어도서관 400-490L,BGE000028104,대출가능,400~490L 813-488
Splash!,Ariane Dewey,490,[영어]부산영어도서관 400-490L,BGE000067263,대출가능,400~490L 813-2422
Five Little Monkeys Reading in Bed,Eileen Christelow,490,[영어]부산영어도서관 400-490L,BGE000040399,대출가능,400~490L 813-163-7
Apple Fractions,Jerry Pallotta,490,[영어]부산영어도서관 400-490L,BGE000002440,대출가능,400~490L 513-4
George The Drummer Boy,Nathaniel Benchley,490,[영어]부산영어도서관 400-490L,BGE000063812,대출가능,400~490L 808-4-3-39
The Magic School Bus Explores The Senses,Joanna Cole,490,[영어]부산영어도서관 400-490L,BGE000043562,대출가능,500~590L 508-9-10=2
Diary Of A Fly,Doreen Cronin,490,[영어]부산영어도서관 400-490L,BGE000079993,대출가능,400~490L 813-943=2
Gregory the Terrible Eater,Mitchell Sharmat,490,[영어]부산영어도서관 400-490L,BGE000000958,대출가능,400~490L 813-30
How Do Dinosaurs Go To School?,Jane Yolen,490,[영어]부산영어도서관 400-490L,BGE000063668,대출불가(관외대출중),400~490L 813-215-18
The Talking T. Rex,Ron Roy,490,[영어]부산영어도서관 400-490L,BGE000053271,대출가능,400~490L 813-66-T=4
Keeping Clean,Sharon Gordon,490,[영어]부산영어도서관 500-590L,BGE000062358,대출가능,500~590L 363-10-3
"Never, Ever Shout In A Zoo",Karma Wilson,490,[영어]부산영어도서관 400-490L,BGE000018416,대출가능,400~490L 813-277
How Do Dinosaurs Eat...,Jane Yolen,490,[영어]부산영어도서관 400-490L,BGE000017035,대출가능,400~490L 813-215-2
Annie and the Wild Animals,Jan Brett,490,[영어]부산영어도서관 400-490L,BGE000000469,대출가능,400~490L 813-15
Harold and the Purple Crayon,Crockett Johnson,490,[영어]부산영어도서관 400-490L,BGE000054316,대출가능,400~490L 813-182=4
Creepy Carrots!,Aaron Reynolds,490,[영어]부산영어도서관 400-490L,BGE000043998,대출가능,400~490L 813-1467-1
What's The Weather Today?,Allan Fowler,490,[영어]부산영어도서관 400-490L,BGE000011264,대출가능,400~490L 500-2-S-13
Word Collector,Peter Hamilton Reynolds,490,[영어]부산영어도서관 400-490L,BGE000069978,대출가능,400~490L 813-2454
Dragon Gets By,Dav Pilkey,490,[영어]부산영어도서관 400-490L,BGE000062445,대출가능,400~490L 813-2337-3
Football,David Orme,490,[영어]부산영어도서관 400-490L,BGE000003532,대출가능,400~490L 813-71-3-7
Ready To Dream,Donna Jo Napoli,490,[영어]부산영어도서관 400-490L,BGE000036904,대출가능,400~490L 813-965
How to Teach a Slug to Read,Susan Pearson,490,[영어]부산영어도서관 400-490L,BGE000047203,대출가능,400~490L 813-1587
Clifford's First Valentine's Day,Norman Bridwell,490,[영어]부산영어도서관 400-490L,BGE000028678,대출가능,400~490L 813-17-3
Magic School Bus Has A Heart,Anne Capeci,490,[영어]부산영어도서관 400-490L,BGE000072110,대출불가(관외대출중),400~490L 508-12-7=2
Night of the Ninjas,Mary Pope Osborne,490,[영어]부산영어도서관 400-490L,BGE000063363,대출가능,400~490L 813-64-1-5=4
Pine Trees,Allan Fowler,490,[영어]부산영어도서관 400-490L,BGE000011110,대출가능,400~490L 500-2-S-15
A Good Night For Ghosts,Mary Pope Osborne,490,[영어]부산영어도서관 400-490L,BGE000079285,대출가능,400~490L 813-64-4-20=2
How Do You Know It's Winter?,Allan Fowler,490,[영어]부산영어도서관 400-490L,BGE000001525,대출가능,400~490L 500-2-S-59
Gulf of Mexico,Pam Zollman,490,[영어]부산영어도서관 400-490L,BGE000015017,대출가능,400~490L 900-1-G-31
There's A Boy In The Girls' Bathroom,Louis Sachar,490,[영어]부산영어도서관 400-490L,BGE000005041,대출불가(관외대출중),400~490L 813-134
"Minnie And Moo, Wanted Dead Or Alive",Denys Cazet,490,[영어]부산영어도서관 400-490L,BGE000028830,대출가능,400~490L 808-4-3-16
Skellig,David Almond,490,[영어]부산영어도서관 400-490L,BGE000066517,대출가능,400~490L 823-37=2
Australia,Rebecca Hirsch,480,[영어]부산영어도서관 400-490L,BGE000013780,대출가능,400~490L 911-1-4
Tiny Life  in the Air,Christine Taylor-Butler,480,[영어]부산영어도서관 400-490L,BGE000011214,대출가능,400~490L 500-2-S-72
Tiny Life  on the Ground,Mary Dodson Wade,480,[영어]부산영어도서관 400-490L,BGE000011216,대출가능,400~490L 500-2-S-33
The Odyssey,Trina Robbins,480,[영어]부산영어도서관 400-490L,BGE000052851,대출가능,400~490L 813-835-3-33
Jack and the Beanstalk,Sue Hodlin,480,[영어]부산영어도서관 400-490L,BGE000045462,대출가능,400~490L 813-835-1-33
Asia,Rebecca Hirsch,480,[영어]부산영어도서관 400-490L,BGE000013778,대출가능,400~490L 911-1-3
The Three Billy Goats Gruff,Violet Findley,480,[영어]부산영어도서관 500-590L,BGE000071566,대출가능,500~590L 813-2451
From Eye To Potato,Ellen Weiss,480,[영어]부산영어도서관 400-490L,BGE000010906,대출가능,400~490L 635-1
Rabbits,Gail Terp,480,[영어]부산영어도서관 500-590L,BGE000038221,대출가능,500~590L 636-9
Cinderella,Violet Findley,480,[영어]부산영어도서관 400-490L,BGE000042706,대출가능,400~490L 398-38
Gus And Grandpa,Claudia Mills,480,[영어]부산영어도서관 400-490L,BGE000032187,대출가능,400~490L 813-687
Shrinking of Treehorn,Florence Parry Heide,480,[영어]부산영어도서관 400-490L,BGE000033102,대출가능,400~490L 813-1436
Sakamoto's Swim Club: How a Teacher Led an Unlikely Team to Victory,Julie Abery,480,[영어]부산영어도서관 400-490L,BGE000067147,대출가능,400~490L 797-1
The Baby Who Wouldn't Go To Bed,Helen Cooper,480,[영어]부산영어도서관 400-490L,BGE000019977,대출가능,400~490L 428-1=2
Jennifer Jones Won't Leave Me Alone!,Frieda Wishinsky,480,[영어]부산영어도서관 400-490L,BGE000028775,대출가능,400~490L 813-523
Charlie Anderson,Barbara Abercrombie,480,[영어]부산영어도서관 400-490L,BGE000026232,대출가능,400~490L 813-410
Abigail Spells,Anna Alter,480,[영어]부산영어도서관 400-490L,BGE000036721,대출가능,400~490L 813-971
Heart In The Pocket,Laurence Bourguignon,480,[영어]부산영어도서관 400-490L,BGE000033836,대출가능,400~490L 843-6
Sunny Boy!,Candace Fleming,480,[영어]부산영어도서관 400-490L,BGE000045893,대출가능,400~490L 813-720=2
"Mogo, The Third Warthog",Donna Jo Napoli,480,[영어]부산영어도서관 400-490L,BGE000035898,대출가능,400~490L 813-894
Boy In The Garden,Allen Say,480,[영어]부산영어도서관 400-490L,BGE000036950,대출가능,400~490L 813-974
Seabiscuit The Wonder Horse,Meghan McCarthy,480,[영어]부산영어도서관 400-490L,BGE000028231,대출가능,400~490L 798-1
Raven Summer,David Almond,480,[영어]부산영어도서관 400-490L,BGE000041057,대출가능,400~490L 813-1291
Victor Vicuna's Volcano Vacation,Barbara deRubertis,480,[영어]부산영어도서관 400-490L,BGE000040499,대출가능,400~490L 813-1255-V
Presenting... Tallulah,Tori Spelling,480,[영어]부산영어도서관 400-490L,BGE000036899,대출불가(관외대출중),400~490L 813-932
Grumpy Grandpa,Heather Henson,480,[영어]부산영어도서관 400-490L,BGE000032186,대출가능,400~490L 813-686
Case Of The Fire Alarm,Dori Hillestad Butler,480,[영어]부산영어도서관 400-490L,BGE000043469,대출가능,400~490L 813-560-4
Jake And Lily,Jerry Spinelli,480,[영어]부산영어도서관 400-490L,BGE000046180,대출가능,400~490L 813-1540
Big Bad Wolves At School,Stephen Krensky,480,[영어]부산영어도서관 400-490L,BGE000033549,대출가능,400~490L 813-791
Zachary Zebra's Zippity Zooming,Barbara deRubertis,480,[영어]부산영어도서관 400-490L,BGE000040503,대출가능,400~490L 813-1255-Z
Jennifer Government,Max Barry,480,[영어]부산영어도서관 400-490L,BGE000035070,대출가능,400~490L 813-858
Harriet Tubman,Margo McLoone,480,[영어]부산영어도서관 500-590L,BGE000043114,대출가능,500~590L 920-13
"Oh, No!",Candace Fleming,480,[영어]부산영어도서관 400-490L,BGE000044085,대출가능,400~490L 813-1478=2
"Play Ball, Jackie!",Stephen Krensky,480,[영어]부산영어도서관 400-490L,BGE000037557,대출가능,400~490L 813-990
Miracle Mud,David A Kelly,480,[영어]부산영어도서관 400-490L,BGE000048748,대출가능,400~490L 920-16
Sky High,Patricia Reilly Giff,480,[영어]부산영어도서관 400-490L,BGE000039791,대출가능,400~490L 940-2
Teacher Who Forgot Too Much,Steve Brezenoff,480,[영어]부산영어도서관 400-490L,BGE000044185,대출가능,400~490L 813-1220-2=2
Papa's Mechanical Fish,Candace Fleming,480,[영어]부산영어도서관 400-490L,BGE000046594,대출가능,400~490L 813-1556
Dog Vs. Cat,Chris Gall,480,[영어]부산영어도서관 400-490L,BGE000047879,대출가능,400~490L 813-1613
The Mother's Day Mice,Eve Bunting,480,[영어]부산영어도서관 400-490L,BGE000017105,대출가능,400~490L 813-217
Oliver Button Is A Sissy,Tomie dePaola,480,[영어]부산영어도서관 400-490L,BGE000041846,대출가능,400~490L 813-1330
Umbrella,Taro Yashima,480,[영어]부산영어도서관 400-490L,BGE000026549,대출가능,400~490L 895-5
Water Wishes,Mallory Loehr,480,[영어]부산영어도서관 400-490L,BGE000033134,대출불가(관외대출중),400~490L 813-649
How To Lose All Your Friends,Nancy Carlson,480,[영어]부산영어도서관 400-490L,BGE000036813,대출가능,400~490L 813-921
Backbeard: Pirate For Hire,Matthew McElligott,480,[영어]부산영어도서관 400-490L,BGE000030077,대출가능,400~490L 813-573
Lamb Who Came For Dinner,Steve Smallman,480,[영어]부산영어도서관 400-490L,BGE000067799,대출가능,400~490L 813-800=2
Slumber Party!,Judith Caseley,480,[영어]부산영어도서관 400-490L,BGE000011152,대출가능,400~490L 500-6-M-12
Willy's Pictures,Anthony Browne,480,[영어]부산영어도서관 400-490L,BGE000062969,대출가능,400~490L 823-48-4
Cheer Challenge,Jake Maddox,480,[영어]부산영어도서관 400-490L,BGE000044178,대출가능,400~490L 813-1218-4=2
Busy Bea,Nancy Poydar,480,[영어]부산영어도서관 400-490L,BGE000039662,대출가능,-
Ghost Who Haunted The Capitol,Steve Brezenoff,480,[영어]부산영어도서관 400-490L,BGE000044181,대출가능,400~490L 813-1220-1=2
Crazy Mixed-Up Spanglish Day,Marisa Montes,480,[영어]부산영어도서관 400-490L,BGE000004486,대출가능,400~490L 813-102-1
George And Martha Rise And Shine,James Marshall,480,[영어]부산영어도서관 400-490L,BGE000027910,대출가능,400~490L 813-1181-9
Martha Walks The Dog,Susan Meddaugh,480,[영어]부산영어도서관 400-490L,BGE000038592,대출가능,400~490L 813-1532-3
When I Grow Up,Joellyn Cicciarelli,480,[영어]부산영어도서관 400-490L,BGE000071547,대출가능,400~490L 813-2375-1-33
James Marshall's Cinderella,Barbara Karlin,480,[영어]부산영어도서관 400-490L,BGE000044294,대출가능,400~490L 398-46
Olivia Forms A Band,Ian Falconer,480,[영어]부산영어도서관 400-490L,BGE000034141,대출가능,400~490L 813-925-35
Charlie And Kiwi: An Evolutionary Adventure,New York Hall Of Science,480,[영어]부산영어도서관 400-490L,BGE000043471,대출가능,400~490L 813-1422
"Up, Up And Away",Ruth Heller,480,[영어]부산영어도서관 400-490L,BGE000079305,대출가능,400~490L 813-1960-26
Zombie Who Visited New Orleans,Steve Brezenoff,480,[영어]부산영어도서관 400-490L,BGE000044187,대출가능,400~490L 813-1220-3=2
A Day In Space,Suzanne Lord,480,[영어]부산영어도서관 400-490L,BGE000002515,대출가능,400~490L 629-2
Listening Walk,Paul Showers,480,[영어]부산영어도서관 400-490L,BGE000043561,대출가능,400~490L 813-1444
Soccer Spirit,Jake Maddox,480,[영어]부산영어도서관 400-490L,BGE000043831,대출가능,400~490L 813-1218-6
Ice Wreck,Lucille Recht Penner,480,[영어]부산영어도서관 400-490L,BGE000044171,대출가능,400~490L 919-3=2
Arrow to the Sun,Gerald McDermott,480,[영어]부산영어도서관 400-490L,BGE000018382,대출가능,400~490L 398-7
Secret Agent Splat!,Rob Scotton,480,[영어]부산영어도서관 400-490L,BGE000045019,대출가능,400~490L 813-1522-2
Mystery Of The Kibble Crook,Norman Bridwell,480,[영어]부산영어도서관 400-490L,BGE000079373,대출불가(관외대출중),400~490L 813-19-9
Little Owl's Night,Divya Srinivasan,480,[영어]부산영어도서관 400-490L,BGE000059729,대출가능,400~490L 813-1852-1=3
You Are Special,Max Lucado,480,[영어]부산영어도서관 400-490L,BGE000072762,대출가능,400~490L 813-510-1
Caring,Lucia Raatma,480,[영어]부산영어도서관 400-490L,BGE000013822,대출가능,400~490L 155-3-1
Clifford's Pals,Norman Bridwell,480,[영어]부산영어도서관 400-490L,BGE000044212,대출가능,400~490L 813-17-5
"What's In The Egg, Little Pip?",Karma Wilson,480,[영어]부산영어도서관 400-490L,BGE000044165,대출가능,400~490L 813-1450=2
Case Of The Amazing Zelda,Lewis Montgomery,480,[영어]부산영어도서관 400-490L,BGE000042128,대출불가(관외대출중),400~490L 813-1363-4
Lines,Fred Walker,480,[영어]부산영어도서관 400-490L,BGE000075739,대출가능,400~490L 895-14
"Who's Afraid Of The Big, Bad..",Teddy Slater,480,[영어]부산영어도서관 400-490L,BGE000003525,대출가능,400~490L 813-71-3-6
"Biggest, Best Snowman",Margery Cuyler,480,[영어]부산영어도서관 400-490L,BGE000044338,대출가능,400~490L 813-1483
On The Go,Ann Morris,480,[영어]부산영어도서관 400-490L,BGE000038669,대출가능,400~490L 813-1111
Ambulances,Marcia S Freeman,480,[영어]부산영어도서관 400-490L,BGE000055869,대출불가(관외대출중),400~490L 629-16
Feeding Time,Lee Davis,480,[영어]부산영어도서관 400-490L,BGE000081512,대출가능,400~490L 428-44-1-20
Houndsley And Catina Plink And,James Howe,480,[영어]부산영어도서관 400-490L,BGE000030243,대출가능,400~490L 813-561
The Dumb Bunnies Go To The Zoo,Dav Pilkey,480,[영어]부산영어도서관 400-490L,BGE000035945,대출가능,400~490L 813-895
Albert Einstein,Saddleback Publishing,480,[영어]부산영어도서관 400-490L,BGE000073371,대출불가(관외대출중),400~490L 920-17-5
My Rotten Redheaded Older...,Patricia Polacco,480,[영어]부산영어도서관 400-490L,BGE000032405,대출가능,400~490L 813-661
Stone Soup: An Old Tale,Marcia Brown,480,[영어]부산영어도서관 400-490L,BGE000018512,대출가능,400~490L 843-2
"Mind Your Manners, B. B. Wolf",Judy Sierra,480,[영어]부산영어도서관 400-490L,BGE000036856,대출가능,400~490L 813-960
"Who's Afraid of the Big, Bad Bully?",Teddy Slater,480,[영어]부산영어도서관 400-490L,BGE000003525,대출가능,400~490L 813-71-3-6
Living In The Savannah,Linda Bullock,480,[영어]부산영어도서관 400-490L,BGE000011025,대출가능,400~490L 900-1-G-12
My Rotten Redheaded Older Brother,Patricia Polacco,480,[영어]부산영어도서관 400-490L,BGE000032405,대출가능,400~490L 813-661
What Is Volume?,Lisa Trumbauer,480,[영어]부산영어도서관 400-490L,BGE000011262,대출가능,400~490L 500-2-S-47
Emma's Yucky Brother,Jean Little,480,[영어]부산영어도서관 400-490L,BGE000030176,대출가능,400~490L 808-4-3-41
Olivia... And The Missing Toy,Ian Falconer,480,[영어]부산영어도서관 400-490L,BGE000022179,대출가능,400~490L 813-925-36
E-mergency!,Ezra Fields-Meyer,480,[영어]부산영어도서관 400-490L,BGE000041358,대출가능,400~490L 813-1315
Giant Crush,Gennifer Choldenko,480,[영어]부산영어도서관 400-490L,BGE000042079,대출가능,400~490L 813-1356
Iris And Walter The Sleepover,Elissa Haden Guest,480,[영어]부산영어도서관 400-490L,BGE000045160,대출불가(관외대출중),400~490L 813-684-5
Caps for Sale,Esphyr Slobodkina,480,[영어]부산영어도서관 400-490L,BGE000009883,대출가능,400~490L 813-143
Man Who Walked Between The Tow,Mordicai Gerstein,480,[영어]부산영어도서관 400-490L,BGE000030625,대출가능,400~490L 791-8
Madeline,Ludwig Bemelmans,480,[영어]부산영어도서관 400-490L,BGE000018496,대출가능,400~490L 813-269-2
A House for Hermit Crab,Eric Carle,480,[영어]부산영어도서관 400-490L,BGE000000451,대출가능,400~490L 741-1
Benjamin Franklin,Philip Abraham,480,[영어]부산영어도서관 400-490L,BGE000029189,대출가능,400~490L 008-1-6
It's Mine,Gina Mayer,480,[영어]부산영어도서관 400-490L,BGE000000181,대출가능,400~490L 813-6
Beauty And The Beast,J  Elizabeth Mills,480,[영어]부산영어도서관 400-490L,BGE000069657,대출가능,400~490L 428-20-46
Freckleface Strawberry,Julianne Moore,480,[영어]부산영어도서관 400-490L,BGE000033779,대출가능,400~490L 813-725-2
Stone Soup,Ann McGovern,480,[영어]부산영어도서관 400-490L,BGE000010078,대출가능,400~490L 398-3
Clifford's Pals,Norman Bridwell,480,[영어]부산영어도서관 400-490L,BGE000044212,대출가능,400~490L 813-17-5
The Magic School Bus Blasts into Space,Joanna Cole,480,[영어]부산영어도서관 400-490L,BGE000078088,대출불가(관외대출중),400~490L 508-12-21=2
Stars And Constellations,Elizabeth Bennett,480,[영어]부산영어도서관 400-490L,BGE000065088,대출불가(관외대출중),400~490L 520-2-3
Seasons,Robin Nelson,480,[영어]부산영어도서관 400-490L,BGE000043530,대출가능,400~490L 583-5
We Share Everything!,Robert Munsch,480,[영어]부산영어도서관 400-490L,BGE000072158,대출가능,400~490L 823-294
Ballet Kitty,Bernette Ford,480,[영어]부산영어도서관 400-490L,BGE000062414,대출가능,400~490L 813-2335
Monster Trucks!,Susan E Goodman,480,[영어]부산영어도서관 400-490L,BGE000055770,대출가능,400~490L 813-2062
Red Truck,Kersten Hamilton,480,[영어]부산영어도서관 400-490L,BGE000048413,대출불가(관외대출중),400~490L 813-1622
Nancy Clancy Sees The Future,First Last,480,[영어]부산영어도서관 400-490L,BGE000047204,대출가능,400~490L 813-1586-3
April Fool!,Karen Gray Ruelle,480,[영어]부산영어도서관 400-490L,BGE000080685,대출가능,400~490L 813-65-9
The Apple Pie Tree,Zoe Hall,480,[영어]부산영어도서관 400-490L,BGE000000382,대출가능,400~490L 583-4
Knots on a Counting Rope,Bill Martin Jr,480,[영어]부산영어도서관 400-490L,BGE000002377,대출가능,400~490L 813-50
Vegetables,Emily K Green,480,[영어]부산영어도서관 400-490L,BGE000002575,대출가능,400~490L 500-2-S-2
Clifford at the Circus,Norman Bridwell,480,[영어]부산영어도서관 400-490L,BGE000062413,대출가능,400~490L 813-17-7
"Dog Who Cried ""Woof!""",Norman Bridwell,480,[영어]부산영어도서관 400-490L,BGE000079372,대출가능,400~490L 813-19-8
Helen Keller,Sean Dolan,470,[영어]부산영어도서관 400-490L,BGE000004186,대출가능,400~490L 362-1
How Do Dinosaurs Count to Ten?,Jane Yolen,480,[영어]부산영어도서관 400-490L,BGE000017173,대출가능,400~490L 813-215-4
Dinosaur Day,Vanessa York,470,[영어]부산영어도서관 400-490L,BGE000064750,대출불가(관외대출중),400~490L 813-1960-10=3
The Ultimate,K  A Applegate,470,[영어]부산영어도서관 400-490L,BGE000049289,대출가능,400~490L 813-1674
Earrings,Judith Viorst,470,[영어]부산영어도서관 400-490L,BGE000024857,대출불가(관외대출중),400~490L 808-7-2-26
George And Martha: Two Great Friends,James Marshall,470,[영어]부산영어도서관 400-490L,BGE000022507,대출가능,400~490L 813-1181-7
Waiting For Snow,Gina Shaw,470,[영어]부산영어도서관 400-490L,BGE000053403,대출불가(관외대출중),400~490L 813-1930
Princess And The Peanut Allerg,Wendy McClure,470,[영어]부산영어도서관 400-490L,BGE000040332,대출가능,400~490L 813-1226
Hanukkah Trike,Michelle Edwards,470,[영어]부산영어도서관 400-490L,BGE000040330,대출가능,400~490L 813-1224
Yoko Yak's Yakety Yakking,Barbara deRubertis,470,[영어]부산영어도서관 400-490L,BGE000040502,대출가능,400~490L 813-1255-Y
"Gus, The Pilgrim Turkey",Teresa Bateman,470,[영어]부산영어도서관 400-490L,BGE000038501,대출가능,400~490L 813-1128
"April And Esme, Tooth Fairies",Bob Graham,470,[영어]부산영어도서관 400-490L,BGE000038387,대출가능,400~490L 899-4
Quicksand Book,Tomie dePaola,470,[영어]부산영어도서관 400-490L,BGE000047240,대출가능,400~490L 813-1589
It's A Snap!: George Eastman's First Photograph,Monica Kulling,470,[영어]부산영어도서관 400-490L,BGE000043525,대출가능,400~490L 770-2
Cellular,Ellen Schwartz,470,[영어]부산영어도서관 400-490L,BGE000043793,대출가능,400~490L 813-1452
Last Martin,Jonathan Friesen,470,[영어]부산영어도서관 400-490L,BGE000044189,대출가능,400~490L 813-1475=2
Big Bob And The Thanksgiving Potatoes,Daniel Pinkwater,470,[영어]부산영어도서관 400-490L,BGE000022018,대출가능,400~490L 813-67-3-29
Metal Man,Aaron Reynolds,470,[영어]부산영어도서관 400-490L,BGE000028387,대출가능,400~490L 813-504
Cody And The Fountain Of ...,Tricia Springstubb,470,[영어]부산영어도서관 400-490L,BGE000056883,대출불가(관외대출중),400~490L 813-1882-1
Ninth Ward,Jewell Parker Rhodes,470,[영어]부산영어도서관 400-490L,BGE000037780,대출가능,400~490L 813-1006
Little Squeegy Bug,Bill Martin Jr,470,[영어]부산영어도서관 400-490L,BGE000059891,대출가능,400~490L 813-2292
Back and Forth,Patricia J Murphy,470,[영어]부산영어도서관 400-490L,BGE000010753,대출가능,400~490L 500-2-S-26
Storm Surfer,Jake Maddox,470,[영어]부산영어도서관 400-490L,BGE000044184,대출가능,400~490L 813-1218-7=2
Naked Mole Rat Gets Dressed,Mo Willems,470,[영어]부산영어도서관 400-490L,BGE000022422,대출가능,400~490L 813-349
Kit's Wilderness,David Almond,470,[영어]부산영어도서관 400-490L,BGE000040224,대출가능,400~490L 813-1188
Super Silly Museums,Nick Sharratt,470,[영어]부산영어도서관 400-490L,BGE000081013,대출가능,400~490L 823-348
Silver Pony Ranch #2: Sweet Buttercup,D  L Green,470,[영어]부산영어도서관 400-490L,BGE000052741,대출불가(관외대출중),400~490L 813-146-2
The Boy Who Climbed Into The Moon,David Almond,470,[영어]부산영어도서관 400-490L,BGE000040359,대출가능,400~490L 813-1232
One Giant Leap,Robert Burleigh,470,[영어]부산영어도서관 400-490L,BGE000047184,대출가능,400~490L 629-14
Dinotrux Go To School,Chris Gall,470,[영어]부산영어도서관 400-490L,BGE000050873,대출가능,400~490L 813-1847-2-1
Mary Smith,A U Ren,470,[영어]부산영어도서관 400-490L,BGE000022622,대출가능,400~490L 813-396
When Jessie Came Across The Sea,Amy Hest,470,[영어]부산영어도서관 400-490L,BGE000002284,대출가능,400~490L 813-42
Cows Can't Fly,David Milgrim,470,[영어]부산영어도서관 400-490L,BGE000001120,대출가능,400~490L 813-27
Magic School Bus: Liz Makes A Rainbow,Tracey West,470,[영어]부산영어도서관 400-490L,BGE000053610,대출가능,400~490L 813-1943
I Feel Sick!,Tony Ross,470,[영어]부산영어도서관 400-490L,BGE000067688,대출가능,400~490L 152-9-9
Cicadas,Colleen Sexton,470,[영어]부산영어도서관 400-490L,BGE000043474,대출가능,400~490L 595-10
Miss Brooks Loves Books! (And I Don't),Barbara Bottner,470,[영어]부산영어도서관 400-490L,BGE000030372,대출가능,400~490L 813-587
Crocodile Beat,Gail Jorgensen,470,[영어]부산영어도서관 400-490L,BGE000053569,대출가능,400~490L 823-170
Cowgirl Kate And Cocoa,Erica Silverman,470,[영어]부산영어도서관 400-490L,BGE000022846,대출가능,400~490L 813-508-1
V Is For Vegan,Ruby Roth,470,[영어]부산영어도서관 400-490L,BGE000055309,대출가능,400~490L 613-5
My Father,Laura Mayer,470,[영어]부산영어도서관 400-490L,BGE000053598,대출가능,400~490L 813-1942
Case Of The Stinky Socks,Lewis Montgomery,470,[영어]부산영어도서관 400-490L,BGE000042127,대출불가(관외대출중),400~490L 813-1363-1
Case Of The Missing Moose,Lewis Montgomery,470,[영어]부산영어도서관 400-490L,BGE000042130,대출불가(관외대출중),400~490L 813-1363-6
Song Lee In Room 2B,Suzy Kline,470,[영어]부산영어도서관 400-490L,BGE000002365,대출가능,400~490L 813-46-3
Peanut,Ayun Halliday,470,[영어]부산영어도서관 400-490L,BGE000042096,대출가능,400~490L 813-1355-8
How To Be Cool In The Third Grade,Betsy Duffey,470,[영어]부산영어도서관 400-490L,BGE000003631,대출불가(관외대출중),400~490L 813-77
Sunny,Ann M Martin,470,[영어]부산영어도서관 400-490L,BGE000045893,대출가능,400~490L 813-720=2
Very Improbable Story,Edward Einhorn,470,[영어]부산영어도서관 400-490L,BGE000028619,대출가능,400~490L 813-544
Time To Eat At The White House,Marge Kennedy,470,[영어]부산영어도서관 400-490L,BGE000040397,대출가능,400~490L 641-5
Spray-Paint Mystery,Angela Shelf Medearis,470,[영어]부산영어도서관 400-490L,BGE000004111,대출가능,400~490L 813-101
Olivia Saves The Circus,Ian Falconer,470,[영어]부산영어도서관 400-490L,BGE000022235,대출가능,400~490L 813-925-2
Tales Of A Fourth Grade  Nothing,Judy Blume,470,[영어]부산영어도서관 400-490L,BGE000014668,대출가능,400~490L 813-110-6=2
Hooray for the Golly Sisters!,Betsy Byars,470,[영어]부산영어도서관 400-490L,BGE000063807,대출가능,400~490L 808-4-3-35
"What Comes In 2's, 3's &  4's?",Suzanne Aker,470,[영어]부산영어도서관 400-490L,BGE000001738,대출가능,400~490L 513-1
Library Lion,Michelle Knudsen,470,[영어]부산영어도서관 400-490L,BGE000054396,대출가능,400~490L 813-168=2
Latitude And Longitude,Rebecca Aberg,470,[영어]부산영어도서관 400-490L,BGE000011007,대출가능,400~490L 900-1-G-8
What If?,Jonathan Shipton,470,[영어]부산영어도서관 400-490L,BGE000058415,대출가능,400~490L 813-2628-2
The Bears' Vacation,Stan and Jan Berenstain,470,[영어]부산영어도서관 400-490L,BGE000047676,대출가능,400~490L 813-1877-11
Make Way for Tooth Decay,Bobbi Katz,470,[영어]부산영어도서관 400-490L,BGE000003517,대출불가(관외대출중),400~490L 813-67-3-16
Edward's Eyes,Patricia MacLachlan,470,[영어]부산영어도서관 400-490L,BGE000026850,대출가능,400~490L 813-476
Polar Bear Night,Lauren Thompson,470,[영어]부산영어도서관 400-490L,BGE000022155,대출불가(관외대출중),400~490L 813-325
"Murmel, Murmel, Murmel",Robert Munsch,470,[영어]부산영어도서관 400-490L,BGE000044843,대출가능,400~490L 813-937-1
Splish! Splash!,Gail Herman,470,[영어]부산영어도서관 400-490L,BGE000039615,대출가능,400~490L 823-90
Horrible Harry And The Green Slime,Suzy Kline,470,[영어]부산영어도서관 400-490L,BGE000067022,대출가능,400~490L 813-63-2=2
Blind Men And The Elephant,Karen Backstein,470,[영어]부산영어도서관 400-490L,BGE000003489,대출가능,400~490L 813-71-3-1
Dolphins,Leighton Taylor,470,[영어]부산영어도서관 500-590L,BGE000017642,대출가능,500~590L 508-13-19
Horrible Harry And The Scarlet Scissors,Suzy Kline,470,[영어]부산영어도서관 400-490L,BGE000067916,대출가능,400~490L 813-63-28
Big Bear Little Bear,David Bedford,470,[영어]부산영어도서관 400-490L,BGE000065911,대출가능,400~490L 823-261
How Kittens Grow,Millicent E Selsam,470,[영어]부산영어도서관 400-490L,BGE000001564,대출가능,400~490L 636-1
How I Became A Pirate,Melinda Long,470,[영어]부산영어도서관 400-490L,BGE000000931,대출가능,400~490L 813-22
Horrible Harry And The Triple,Suzy Kline,470,[영어]부산영어도서관 400-490L,BGE000069973,대출가능,400~490L 813-63-37
Little Red Hen,Lucinda McQueen,470,[영어]부산영어도서관 400-490L,BGE000065937,대출가능,400~490L 823-255-9
Ugly,Donna Jo Napoli,470,[영어]부산영어도서관 400-490L,BGE000077616,대출가능,400~490L 813-2603=2
Harriet Tubman,Philip Abraham,470,[영어]부산영어도서관 500-590L,BGE000043114,대출가능,500~590L 920-13
How Long Is It?,Donna Loughran,470,[영어]부산영어도서관 400-490L,BGE000015036,대출불가(관외대출중),400~490L 500-6-M-4
Trucks,Anne Rockwell,470,[영어]부산영어도서관 400-490L,BGE000067458,대출가능,400~490L 597-3-1-3
Amelia Earhart,Philip Abraham,470,[영어]부산영어도서관 400-490L,BGE000073373,대출가능,400~490L 920-17-7
Ricky Ricotta's Mighty Robot vs. the Jurassic Jackrabbits from Jupiter,Dav Pilkey,470,[영어]부산영어도서관 400-490L,BGE000062440,대출가능,400~490L 813-2336-5=2
City in the Clouds,Tony Abbott,470,[영어]부산영어도서관 400-490L,BGE000024652,대출가능,400~490L 813-350-4=2
Even Steven and Odd Todd,Kathryn Cristaldi,470,[영어]부산영어도서관 400-490L,BGE000003530,대출가능,400~490L 813-68-3-2
What Will The Weather Be Like Today?,Paul Rogers,470,[영어]부산영어도서관 400-490L,BGE000002053,대출가능,400~490L 551-3
Abe Lincoln At Last!,Mary Pope Osborne,470,[영어]부산영어도서관 400-490L,BGE000047619,대출가능,400~490L 813-64-2-19
Olivia,Ian Falconer,470,[영어]부산영어도서관 400-490L,BGE000043237,대출가능,400~490L 813-925-30=2
Touching (Rookie Read-About Health),Sharon Gordon,470,[영어]부산영어도서관 400-490L,BGE000002566,대출가능,400~490L 610-1-H-6
"Nancy Clancy, Secret Admirer",Jane O Connor,470,[영어]부산영어도서관 400-490L,BGE000047202,대출가능,400~490L 813-1586-2
All About Light,Lisa Trumbauer,460,[영어]부산영어도서관 400-490L,BGE000010730,대출가능,400~490L 500-2-S-24
Moon,Lydia Carlin,470,[영어]부산영어도서관 400-490L,BGE000056971,대출가능,400~490L 813-2116
Goose Goes to the Zoo,Laura Wall,460,[영어]부산영어도서관 400-490L,BGE000081204,대출불가(관외대출중),400~490L 813-2666
Africa,Rebecca Hirsch,460,[영어]부산영어도서관 400-490L,BGE000013746,대출가능,400~490L 911-1-1
Iris And Walter And The Sub,Elissa Haden Guest,470,[영어]부산영어도서관 400-490L,BGE000064868,대출불가(관외대출중),400~490L 813-684-10
Ants,Melissa Stewart,470,[영어]부산영어도서관 400-490L,BGE000042003,대출가능,400~490L 597-3-1-1
Frank Pearl in the Awful Waffle Kerfuffle,Megan McDonald,470,[영어]부산영어도서관 400-490L,BGE000048649,대출불가(관외대출중),400~490L 813-1645-4
Sloths,Marysa Storm,460,[영어]부산영어도서관 400-490L,BGE000060377,대출가능,400~490L 428-38-1
This Little Chick,John Lawrence,460,[영어]부산영어도서관 400-490L,BGE000025376,대출가능,400~490L 813-358
Boxes For Katje,Candace Fleming,460,[영어]부산영어도서관 400-490L,BGE000071877,대출가능,400~490L 823-288
When The Moon Forgot,Jimmy Liao,460,[영어]부산영어도서관 400-490L,BGE000047201,대출가능,400~490L 895-6
Snowshoe Hare's Family,Stephanie Smith,460,[영어]부산영어도서관 400-490L,BGE000015344,대출가능,400~490L 813-231
Who Let The Ghosts Out?,R  L Stine,460,[영어]부산영어도서관 400-490L,BGE000014854,대출가능,400~490L 813-174-1
Ralph Tells A Story,Abby Hanlon,460,[영어]부산영어도서관 400-490L,BGE000071889,대출가능,400~490L 823-289
Skater's Secret,Jake Maddox,460,[영어]부산영어도서관 400-490L,BGE000044182,대출가능,400~490L 813-1218-5=2
Nathan Blows Out The Hanukkah Candles,Tami Lehman-Wilzig,460,[영어]부산영어도서관 400-490L,BGE000040508,대출가능,400~490L 813-1286
Have I Got A Book For You!,Melanie Watt,460,[영어]부산영어도서관 400-490L,BGE000035866,대출가능,400~490L 813-887
Keeping You A Secret,Julie Anne Peters,460,[영어]부산영어도서관 400-490L,BGE000042340,대출가능,400~490L 813-1364
Always Prayer Shawl,Sheldon Oberman,460,[영어]부산영어도서관 400-490L,BGE000030590,대출가능,400~490L 813-565
Case Of The Mixed-Up Mutts,Dori Hillestad Butler,460,[영어]부산영어도서관 400-490L,BGE000030599,대출가능,400~490L 813-560-2
Case Of The Library Monster,Dori Hillestad Butler,460,[영어]부산영어도서관 400-490L,BGE000043470,대출가능,400~490L 813-560-5
Cody and the Mysteries of the Universe,Tricia Springstubb,460,[영어]부산영어도서관 400-490L,BGE000057206,대출가능,400~490L 813-2291
Horrible Harry On The Ropes,Suzy Kline,460,[영어]부산영어도서관 400-490L,BGE000067912,대출가능,400~490L 813-63-24
Haunted,R  L Stine,460,[영어]부산영어도서관 400-490L,BGE000069345,대출가능,400~490L 813-2448
Super Happy Magic Forest,Matty Long,460,[영어]부산영어도서관 400-490L,BGE000052327,대출가능,400~490L 823-160
Whatever Happened To The Pony Express?,Verla Kay,460,[영어]부산영어도서관 400-490L,BGE000044170,대출가능,400~490L 813-1455=2
Cowgirl Kate and Cocoa: Partners,Erica Silverman,460,[영어]부산영어도서관 400-490L,BGE000028684,대출가능,400~490L 813-508-2
"Story Of Babar, The Little Elephant",Jean De Brunhoff,460,[영어]부산영어도서관 400-490L,BGE000054384,대출가능,400~490L 843-9=2
The Show-And-Tell Surprise,Norman Bridwell,460,[영어]부산영어도서관 400-490L,BGE000079374,대출불가(관외대출중),400~490L 813-19-1=2
On Guard,Donna Jo Napoli,460,[영어]부산영어도서관 500-590L,BGE000080660,대출불가(관외대출중),500~590L 741-42
Biggest Boy,Kevin Henkes,460,[영어]부산영어도서관 400-490L,BGE000027962,대출가능,400~490L 813-515
One Of Three,Angela Johnson,460,[영어]부산영어도서관 400-490L,BGE000002041,대출불가(관외대출중),400~490L 813-53
Firefighter Ted,Andrea Beaty,460,[영어]부산영어도서관 400-490L,BGE000040526,대출가능,400~490L 813-1272
Moses Goes To School,Isaac Millman,460,[영어]부산영어도서관 400-490L,BGE000038616,대출가능,400~490L 813-1098
Jamaica's Find,Juanita Havill,460,[영어]부산영어도서관 400-490L,BGE000042476,대출가능,-
Army Ant Parade,April Pulley Sayre,460,[영어]부산영어도서관 400-490L,BGE000031886,대출가능,400~490L 595-7
Rosetta's Dress Mess,Laura Driscoll,460,[영어]부산영어도서관 400-490L,BGE000042202,대출가능,400~490L 813-1361
Because A Little Bug Went Kachoo,Rosetta Stone,460,[영어]부산영어도서관 400-490L,BGE000038394,대출가능,400~490L 813-1877-8
Our Stars,Anne Rockwell,460,[영어]부산영어도서관 400-490L,BGE000053560,대출가능,400~490L 523-11
Doggone...Third Grade!,Colleen O Shaughnessy McKenna,460,[영어]부산영어도서관 400-490L,BGE000003685,대출가능,400~490L 813-76
Dinosaur's Day,Ruth Thomson,460,[영어]부산영어도서관 400-490L,BGE000081499,대출가능,400~490L 428-44-1-7
Pizza,Frank Asch,460,[영어]부산영어도서관 400-490L,BGE000063180,대출가능,400~490L 823-234-1
Rosa Parks,Erin Edison,460,[영어]부산영어도서관 400-490L,BGE000073381,대출불가(관외대출중),400~490L 920-18-3
Julius,Syd Hoff,460,[영어]부산영어도서관 400-490L,BGE000052826,대출가능,400~490L 813-835-3-8
Bluish,Virginia Hamilton,460,[영어]부산영어도서관 400-490L,BGE000006283,대출불가(관외대출중),400~490L 813-133
Autumn,Gail Saunders-Smith,460,[영어]부산영어도서관 400-490L,BGE000063098,대출가능,400~490L 508-11-1
Iris And Walter The School Play,Elissa Haden Guest,460,[영어]부산영어도서관 400-490L,BGE000045161,대출불가(관외대출중),400~490L 813-44-5
Blood Red Road,Moira Young,460,[영어]부산영어도서관 400-490L,BGE000043785,대출가능,400~490L 823-115
Madeline's Rescue,Ludwig Bemelmans,460,[영어]부산영어도서관 400-490L,BGE000026389,대출가능,400~490L 813-269-3
Let's Meet A Police Officer,Gina Bellisario,460,[영어]부산영어도서관 400-490L,BGE000052693,대출가능,400~490L 363-3
Hurricane,David Wiesner,460,[영어]부산영어도서관 400-490L,BGE000022777,대출가능,400~490L 813-449
Back On The Beam,Jake Maddox,460,[영어]부산영어도서관 400-490L,BGE000044176,대출가능,400~490L 813-1218-3=2
Tasting (Rookie Read-About Health),Sharon Gordon,460,[영어]부산영어도서관 400-490L,BGE000001765,대출가능,400~490L 610-1-H-5
I Can Only Draw Worms,Will Mabbitt,460,[영어]부산영어도서관 400-490L,BGE000062263,대출가능,400~490L 823-218
Cowgirl Kate And Cocoa: School Days,Erica Silverman,460,[영어]부산영어도서관 400-490L,BGE000028688,대출가능,400~490L 813-508-3
Fire Station,Robert Munsch,460,[영어]부산영어도서관 400-490L,BGE000047564,대출가능,400~490L 813-937-16
Jane Goodall,Jennie Abrams,460,[영어]부산영어도서관 500-590L,BGE000057740,대출가능,500~590L 920-17-22=2
Zoom!,Robert Munsch,460,[영어]부산영어도서관 400-490L,BGE000053548,대출가능,400~490L 813-1949
Iris And Walter,Elissa Haden Guest,460,[영어]부산영어도서관 400-490L,BGE000053041,대출가능,400~490L 813-684-3=2
Important Book,Margaret Wise Brown,460,[영어]부산영어도서관 400-490L,BGE000037834,대출가능,400~490L 813-1004
Zen Ties,Jon J Muth,460,[영어]부산영어도서관 400-490L,BGE000015241,대출불가(관외대출중),400~490L 813-207
The Magic School Bus Flies With The Dinosaurs,Martin Schwabacher,460,[영어]부산영어도서관 400-490L,BGE000072112,대출가능,400~490L 508-12-9=2
A Friend for Dragon,Dav Pilkey,460,[영어]부산영어도서관 400-490L,BGE000055256,대출가능,400~490L 813-2018
Trucks,Dee Ready,460,[영어]부산영어도서관 400-490L,BGE000067458,대출가능,400~490L 597-3-1-3
I Need a New Bum!,Dawn McMillan,460,[영어]부산영어도서관 400-490L,BGE000069305,대출불가(관외대출중),400~490L 823-209-1
Horrible Harry Moves Up To Third Grade,Suzy Kline,460,[영어]부산영어도서관 400-490L,BGE000067904,대출가능,400~490L 813-63-10
Chrysanthemum,Kevin Henkes,460,[영어]부산영어도서관 400-490L,BGE000000949,대출가능,400~490L 813-28
When You Look Up At The Moon,Allan Fowler,460,[영어]부산영어도서관 400-490L,BGE000011267,대출가능,400~490L 500-2-S-6
The Magic School Bus® and the Missing Tooth,Jeanette Lane,460,[영어]부산영어도서관 400-490L,BGE000043024,대출가능,400~490L 508-12-10
Do Unto Otters,Laurie Keller,460,[영어]부산영어도서관 400-490L,BGE000014494,대출가능,400~490L 813-196
Cinderella,Seth Jacobs,460,[영어]부산영어도서관 400-490L,BGE000042706,대출가능,400~490L 398-38
Iris And Walter And Baby Rose,Elissa Haden Guest,460,[영어]부산영어도서관 400-490L,BGE000045159,대출불가(관외대출중),400~490L 813-684-4
Story Of Peppa Pig,Neville Astley,460,[영어]부산영어도서관 400-490L,BGE000047431,대출가능,400~490L 813-2375-3-1
Not Norman: A Goldfish Story,Kelly Bennett,460,[영어]부산영어도서관 400-490L,BGE000032421,대출불가(관외대출중),400~490L 813-657
Saturn,Christine Taylor-Butler,450,[영어]부산영어도서관 400-490L,BGE000027328,대출가능,400~490L 523-7
Big Bear Hug,Nicholas Oldland,450,[영어]부산영어도서관 400-490L,BGE000039660,대출가능,400~490L 813-956-1
Gymnastics,Wil Mara,450,[영어]부산영어도서관 400-490L,BGE000049937,대출가능,400~490L 813-1404-3
My City Speaks,Darren Lebeuf,450,[영어]부산영어도서관 400-490L,BGE000071139,대출가능,400~490L 813-2401
Gulliver's Travels,Adam Grant,450,[영어]부산영어도서관 400-490L,BGE000034891,대출가능,400~490L 813-835-2-10
Tiny Life  on Your Body,Christine Taylor-Butler,450,[영어]부산영어도서관 400-490L,BGE000011217,대출가능,400~490L 500-2-S-19
Not for Me,Ellen Geist,450,[영어]부산영어도서관 400-490L,BGE000059233,대출가능,400~490L 628-3
South  America,Rebecca Hirsch,450,[영어]부산영어도서관 400-490L,BGE000014132,대출가능,400~490L 911-1-7
Fly Away Home,Eve Bunting,450,[영어]부산영어도서관 400-490L,BGE000032149,대출가능,400~490L 813-727
Earthmovers,Lee Sullivan Hill,450,[영어]부산영어도서관 400-490L,BGE000039669,대출가능,400~490L 621-11
Rachel Fister's Blister,Amy MacDonald,450,[영어]부산영어도서관 400-490L,BGE000046051,대출가능,400~490L 813-1482=2
First Day,Joan Rankin,450,[영어]부산영어도서관 400-490L,BGE000056192,대출가능,400~490L 813-2093
Art Collector,Jan Wahl,450,[영어]부산영어도서관 400-490L,BGE000049084,대출가능,400~490L 813-1657
Horace the Horrible: A Knight.,Jackie French Koller,450,[영어]부산영어도서관 400-490L,BGE000042511,대출가능,400~490L 813-1383
Trout Are Made Of Trees,April Pulley Sayre,450,[영어]부산영어도서관 400-490L,BGE000030674,대출가능,400~490L 577-7
Monkey And Elephant's Worst Fight Ever!,Michael Townsend,450,[영어]부산영어도서관 400-490L,BGE000042932,대출가능,400~490L 813-1413
Walter Warthog's Wonderful Wagon,Barbara deRubertis,450,[영어]부산영어도서관 400-490L,BGE000040500,대출가능,400~490L 813-1255-W
Case Of The Lost Boy,Dori Hillestad Butler,450,[영어]부산영어도서관 400-490L,BGE000030597,대출가능,400~490L 813-560-1
The Leaf Thief,Alice Hemming,450,[영어]부산영어도서관 400-490L,BGE000079814,대출가능,400~490L 813-2647-2
Azad's Camel,Erika Pal,450,[영어]부산영어도서관 400-490L,BGE000037391,대출가능,400~490L 813-1003
Like Bug Juice On A Burger,Julie Sternberg,450,[영어]부산영어도서관 400-490L,BGE000047930,대출가능,400~490L 813-1617
Duck For Turkey Day,Jacqueline Jules,450,[영어]부산영어도서관 400-490L,BGE000038461,대출가능,400~490L 398-28
Pooh's Sled Ride,Isabel Gaines,450,[영어]부산영어도서관 400-490L,BGE000010329,대출가능,400~490L 813-166-12
Monster Trucks,Nick Gordon,450,[영어]부산영어도서관 400-490L,BGE000055770,대출가능,400~490L 813-2062
Meerkats,Kari Schuetz,450,[영어]부산영어도서관 400-490L,BGE000031707,대출가능,400~490L 813-562
Dog Loves Books,Louise Yates,450,[영어]부산영어도서관 400-490L,BGE000033702,대출가능,400~490L 813-876
Shoes,Elizabeth Winthrop,450,[영어]부산영어도서관 400-490L,BGE000073207,대출가능,400~490L 813-2527
Arthur And The Perfect Brother,Marc Brown,450,[영어]부산영어도서관 400-490L,BGE000031888,대출가능,400~490L 813-772-21
Move!,Steve Jenkins,450,[영어]부산영어도서관 400-490L,BGE000069541,대출가능,400~490L 508-21-1
Gleam And Glow,Eve Bunting,450,[영어]부산영어도서관 400-490L,BGE000032162,대출불가(관외대출중),400~490L 813-735
Astronauts,Carmen Bredeson,450,[영어]부산영어도서관 400-490L,BGE000077884,대출가능,400~490L 508-23-2
"Can't You Sleep, Little Bear?",Martin Waddell,450,[영어]부산영어도서관 400-490L,BGE000019412,대출가능,400~490L 823-39
Heckedy Peg,Audrey Wood,450,[영어]부산영어도서관 400-490L,BGE000062772,대출가능,400~490L 813-276=2
"Snow Rabbit, Spring Rabbit",Il Sung Na,450,[영어]부산영어도서관 400-490L,BGE000037579,대출가능,400~490L 813-989
Case Of The Purple Pool,Lewis Montgomery,450,[영어]부산영어도서관 400-490L,BGE000042131,대출불가(관외대출중),400~490L 813-1363-7
Smelly Socks,Robert Munsch,450,[영어]부산영어도서관 400-490L,BGE000042634,대출가능,400~490L 813-931-1
Horrible Harry's Secret,Suzy Kline,450,[영어]부산영어도서관 400-490L,BGE000077990,대출가능,400~490L 813-63-5
Gingerbread Man,Jim Aylesworth,450,[영어]부산영어도서관 400-490L,BGE000065934,대출가능,400~490L 823-255-8
Horrible Harry Goes To The Moon,Suzy Kline,450,[영어]부산영어도서관 400-490L,BGE000067905,대출가능,400~490L 813-63-11
Looking Through A Microscope,Linda Bullock,450,[영어]부산영어도서관 400-490L,BGE000011036,대출가능,400~490L 500-2-S-32
Princess Of The Fillmore Street School,Marjorie Weinman Sharmat,450,[영어]부산영어도서관 400-490L,BGE000047706,대출가능,400~490L 813-552-2=3
Bears,National Geographic,450,[영어]부산영어도서관 400-490L,BGE000048529,대출가능,400~490L 813-1660-1
Tasting,Helen Frost,450,[영어]부산영어도서관 400-490L,BGE000001765,대출가능,400~490L 610-1-H-5
Great Salt Lake,Mary Schulte,450,[영어]부산영어도서관 400-490L,BGE000015016,대출가능,400~490L 900-1-G-30
Things That Are Most In The World,Judi Barrett,450,[영어]부산영어도서관 400-490L,BGE000036378,대출가능,400~490L 813-905
Bears,Melvin Berger,450,[영어]부산영어도서관 400-490L,BGE000048529,대출가능,400~490L 813-1660-1
Wind,Ann Herriges,450,[영어]부산영어도서관 400-490L,BGE000057279,대출가능,400~490L 577-12-6
Pigs,Robert Munsch,450,[영어]부산영어도서관 400-490L,BGE000057040,대출가능,400~490L 813-2126
"Nancy Clancy, Super Sleuth",Jane O Connor,450,[영어]부산영어도서관 400-490L,BGE000047199,대출불가(관외대출중),400~490L 813-1586-1
Tarantula,Jenny Feely,450,[영어]부산영어도서관 400-490L,BGE000043068,대출가능,400~490L 595-9
Will It Float Or Sink?,Melissa Stewart,450,[영어]부산영어도서관 400-490L,BGE000011273,대출가능,400~490L 500-2-S-38
Squirrel's New Year's Resolution,Pat Miller,450,[영어]부산영어도서관 400-490L,BGE000038748,대출가능,400~490L 813-1144
Molly's Pilgrim,Barbara Cohen,450,[영어]부산영어도서관 400-490L,BGE000003757,대출가능,400~490L 813-73
Word After Word After Word,Patricia MacLachlan,450,[영어]부산영어도서관 400-490L,BGE000033145,대출가능,400~490L 813-653
Iris And Walter True Friends,Elissa Haden Guest,450,[영어]부산영어도서관 400-490L,BGE000045158,대출불가(관외대출중),400~490L 813-44-2
Emma's Strange Pet,Jean Little,450,[영어]부산영어도서관 400-490L,BGE000045398,대출가능,400~490L 808-4-3-24
Ninja!,Arree Chung,450,[영어]부산영어도서관 400-490L,BGE000071993,대출가능,400~490L 823-302-2-3
Meerkats,Laura Marsh,450,[영어]부산영어도서관 400-490L,BGE000031707,대출가능,400~490L 813-562
Song Lee And The Hamster Hunt,Suzy Kline,450,[영어]부산영어도서관 400-490L,BGE000007114,대출가능,400~490L 813-46-1
The Gingerbread Man,Jim Aylesworth,450,[영어]부산영어도서관 400-490L,BGE000065934,대출가능,400~490L 823-255-8
The Big Bad Cold,Norman Bridwell,450,[영어]부산영어도서관 400-490L,BGE000079369,대출불가(관외대출중),400~490L 813-19-5
Mercy Watson to the Rescue,Kate DiCamillo,450,[영어]부산영어도서관 400-490L,BGE000070376,대출가능,400~490L 813-190-1=4
Amelia Bedelia Bakes Off,Herman Parish,450,[영어]부산영어도서관 400-490L,BGE000033488,대출가능,400~490L 813-809-2
Helen Keller,David A Adler,450,[영어]부산영어도서관 400-490L,BGE000004186,대출가능,400~490L 362-1
"Blue Skies, French Fries",Judy Delton,450,[영어]부산영어도서관 400-490L,BGE000042090,대출가능,400~490L 813-1355-2
Clifford's Family,Norman Bridwell,450,[영어]부산영어도서관 400-490L,BGE000000901,대출불가(관외대출중),400~490L 813-17-13
Dragon's Fat Cat,Dav Pilkey,450,[영어]부산영어도서관 400-490L,BGE000062954,대출가능,400~490L 813-2337-2=2
